State,FIPS,County,Population,Life Expectancy,# Food Insecure,Median Household Income,# Primary Care Physicians,# Unemployed,# Completed High School
Alabama,1089,Madison,372909,77.70293201,48620,68609,326,4714,227198
Alabama,1091,Marengo,18863,72.31452137,3920,38838,9,271,10974
Alabama,1085,Lowndes,9726,71.15081129,2400,33930,1,204,5533
Alabama,1087,Macon,18068,72.83768284,3850,34281,7,337,9843
Alabama,1097,Mobile,413210,75.23464341,69830,49492,274,7024,241102
Alabama,1099,Monroe,20733,74.28895515,4720,40005,9,356,12605
Alabama,1093,Marion,29709,74.54737593,5350,44675,10,446,16927
Alabama,1095,Marshall,96774,74.87823748,15380,48913,55,1086,52194
Alabama,1073,Jefferson,658573,74.62173263,106470,54127,717,9091,405059
Alabama,1075,Lamar,13805,74.9878971,2550,42686,,179,8100
Alabama,1069,Houston,105882,76.13665008,17610,50138,94,1390,62123
Alabama,1071,Jackson,51626,73.96736011,8960,44322,28,772,30781
Alabama,1081,Lee,164542,77.87780304,24680,54160,84,2080,88206
Alabama,1083,Limestone,98915,77.65884723,13100,64729,35,1154,55844
Alabama,1077,Lauderdale,92729,76.60444751,13810,48188,46,1388,55580
Alabama,1079,Lawrence,32924,74.09022154,5470,47797,5,447,18489
Alabama,1101,Montgomery,226486,76.50552565,40430,52711,230,3260,130592
Alabama,1123,Tallapoosa,40367,74.70338392,7110,47100,20,556,23121
Alabama,1125,Tuscaloosa,209355,76.66668322,30460,52307,150,2842,114020
Alabama,1119,Sumter,12427,73.68055114,2990,29209,7,219,7012
Alabama,1121,Talladega,79978,73.321252,14230,47719,26,1213,44979
Alabama,1131,Wilcox,10373,70.80877612,2670,30998,3,195,5439
Alabama,1133,Winston,23629,74.93492466,4080,40827,10,336,13521
Alabama,1127,Walker,63521,70.53220467,11640,45991,26,830,36641
Alabama,1129,Washington,16326,75.65572239,3210,48864,2,313,9375
Alabama,1107,Pickens,19930,76.17365663,4010,40249,8,276,11815
Alabama,1109,Pike,33114,74.99227211,6280,41271,15,504,16397
Alabama,1103,Morgan,119679,75.32748869,17700,54355,62,1500,69341
Alabama,1105,Perry,8923,72.33658004,2560,29572,3,178,4873
Alabama,1115,St. Clair,89512,75.52969388,12280,65403,15,1091,51936
Alabama,1117,Shelby,217702,80.73677332,22450,77801,177,2525,134769
Alabama,1111,Randolph,22722,73.55950536,3520,42922,5,292,12563
Alabama,1113,Russell,57961,73.74185218,10580,43670,15,698,32623
Alabama,1067,Henry,17205,76.01567745,2590,48597,5,247,9659
Alabama,1021,Chilton,44428,74.90765973,6960,49692,10,538,24572
Alabama,1023,Choctaw,12589,74.70887649,2710,39808,5,218,7592
Alabama,1017,Chambers,33254,75.02210961,5530,42015,14,462,19417
Alabama,1019,Cherokee,26196,74.47838936,4040,45982,10,338,15396
Alabama,1029,Cleburne,14910,74.41729032,2620,51276,3,183,8283
Alabama,1031,Coffee,52342,76.44413986,7980,57299,24,623,30326
Alabama,1025,Clarke,23622,74.56334131,5150,43822,13,436,13511
Alabama,1027,Clay,13235,74.89959218,2130,40562,5,183,7254
Alabama,1005,Barbour,24686,74.05474119,5650,35972,8,324,13152
Alabama,1007,Bibb,22394,73.40878366,3400,47918,12,266,12782
Alabama,1001,Autauga,55869,77.16258132,8620,58233,26,714,33076
Alabama,1003,Baldwin,223234,78.21340489,26860,59871,153,2653,137219
Alabama,1013,Butler,19448,74.15384618,3820,39944,5,338,11753
Alabama,1015,Calhoun,113605,73.45688939,20050,47747,73,1635,66793
Alabama,1009,Blount,57826,74.37087378,7810,52902,12,676,32028
Alabama,1011,Bullock,10101,74.44035871,2120,31906,3,175,5303
Alabama,1033,Colbert,55241,74.62560827,8940,46683,35,885,33176
Alabama,1055,Etowah,102268,73.32518825,17120,43047,82,1428,60905
Alabama,1057,Fayette,16302,74.53259258,3040,44212,17,207,9669
Alabama,1051,Elmore,81209,76.29608958,11640,62310,21,979,48590
Alabama,1053,Escambia,36633,73.42334939,7220,42712,12,514,20981
Alabama,1063,Greene,8111,74.87910621,2200,28699,4,161,4589
Alabama,1065,Hale,14651,72.7981686,3090,40745,3,241,8334
Alabama,1059,Franklin,31362,74.98522642,4950,44874,14,405,16047
Alabama,1061,Geneva,26271,73.65541147,5040,43089,8,320,14988
Alabama,1039,Covington,37049,73.72812936,6600,44836,18,534,21958
Alabama,1041,Crenshaw,13772,74.39847226,2300,43309,2,183,7674
Alabama,1035,Conecuh,12067,73.08896157,2440,41539,5,180,7449
Alabama,1037,Coosa,10663,74.92080269,1780,42024,,135,6607
Alabama,1047,Dallas,37196,72.2290687,9070,34034,29,807,21443
Alabama,1049,DeKalb,71513,74.5134585,11790,44277,28,870,35918
Alabama,1043,Cullman,83768,74.47097907,12470,50897,44,998,47078
Alabama,1045,Dale,49172,75.34233768,8860,45120,10,642,28858
Arkansas,5099,Nevada,8252,75.64235698,1790,36528,3,145,5283
Arkansas,5101,Newton,7753,76.06135544,1230,37648,,117,4952
Arkansas,5095,Monroe,6701,69.71217019,1620,34289,3,119,3968
Arkansas,5097,Montgomery,8986,77.54087032,1680,39591,2,138,5336
Arkansas,5103,Ouachita,23382,73.61518671,4790,46393,12,508,14094
Arkansas,5109,Pike,10718,75.91546865,1970,44426,3,164,6576
Arkansas,5111,Poinsett,23528,71.40278531,4630,40536,4,350,13088
Arkansas,5105,Perry,10455,76.05586931,1810,50560,2,175,6153
Arkansas,5107,Phillips,17782,71.13875645,4870,31521,10,383,9632
Arkansas,5081,Little River,12259,74.69781956,2230,43257,3,238,7734
Arkansas,5083,Logan,21466,74.08314152,3990,42249,4,373,13201
Arkansas,5077,Lee,8857,74.58520258,2080,30421,1,127,5122
Arkansas,5079,Lincoln,13024,74.41344852,2540,44272,1,173,8363
Arkansas,5085,Lonoke,73309,75.35441479,10080,62782,14,1109,43008
Arkansas,5091,Miller,43257,74.22542332,8450,50905,31,809,25643
Arkansas,5093,Mississippi,40651,71.2615432,9230,39990,18,891,22114
Arkansas,5087,Madison,16576,74.27377671,2520,48016,4,189,9015
Arkansas,5089,Marion,16694,74.82371807,3040,38760,2,267,10900
Arkansas,5113,Polk,19964,75.51272471,3940,39722,15,339,11934
Arkansas,5137,Stone,12506,76.58291232,2450,36930,6,223,7481
Arkansas,5139,Union,38682,72.71273748,7170,46602,23,829,22734
Arkansas,5133,Sevier,17007,76.54293688,2700,43493,8,265,8176
Arkansas,5135,Sharp,17442,74.84021474,3400,37591,4,285,10354
Arkansas,5141,Van Buren,16545,75.85650234,3140,38096,4,286,10415
Arkansas,5147,Woodruff,6320,73.02844093,1430,36568,3,146,3809
Arkansas,5149,Yell,21341,74.89634298,3540,44469,11,336,11337
Arkansas,5143,Washington,239187,78.27798028,31560,52158,183,3053,119852
Arkansas,5145,White,78753,75.8045525,13200,46388,41,1519,43133
Arkansas,5119,Pulaski,391911,76.30480899,65760,52684,469,6472,241026
Arkansas,5121,Randolph,17958,73.93706543,3130,42875,11,284,10139
Arkansas,5115,Pope,64072,77.31101938,10700,47519,40,1251,34215
Arkansas,5117,Prairie,8062,77.04258725,1420,46205,1,156,4974
Arkansas,5123,St. Francis,24994,75.20151716,5680,34389,12,425,14675
Arkansas,5129,Searcy,7881,75.9020176,1500,34712,2,133,4736
Arkansas,5131,Sebastian,127827,76.22402417,22700,48945,162,1864,71458
Arkansas,5125,Saline,122437,77.32328788,15190,66944,56,1664,74944
Arkansas,5127,Scott,10281,74.98565203,1950,38065,2,147,5539
Arkansas,5075,Lawrence,16406,73.91918879,3090,39604,5,284,9447
Arkansas,5023,Cleburne,24919,75.67485662,4050,46214,15,418,16066
Arkansas,5025,Cleveland,7956,75.78208563,1440,53773,,127,5105
Arkansas,5019,Clark,22320,76.3578278,3920,44105,10,368,11848
Arkansas,5021,Clay,14551,72.8450851,3000,40686,1,278,8680
Arkansas,5027,Columbia,23457,75.45061253,4740,42964,14,410,12590
Arkansas,5033,Crawford,63257,77.0290819,9970,44600,25,894,35909
Arkansas,5035,Crittenden,47955,72.81319563,9470,41976,15,910,25582
Arkansas,5029,Conway,20846,74.8447568,3870,46924,14,359,12610
Arkansas,5031,Craighead,110332,76.98621248,17790,47766,125,1555,61602
Arkansas,5005,Baxter,41932,77.0426015,6720,41950,31,650,28194
Arkansas,5007,Benton,279141,79.90780871,30160,70775,164,3601,154050
Arkansas,5001,Arkansas,17486,74.24054344,3500,52539,9,286,10424
Arkansas,5003,Ashley,19657,75.02087285,4030,47744,8,418,11495
Arkansas,5009,Boone,37432,76.69836555,5930,50083,28,511,22712
Arkansas,5015,Carroll,28380,76.60201969,4000,43841,15,400,17128
Arkansas,5017,Chicot,10118,72.71798528,2590,37014,11,228,6010
Arkansas,5011,Bradley,10763,72.96870117,2140,39982,6,185,6094
Arkansas,5013,Calhoun,5189,73.00671055,880,48415,1,108,3131
Arkansas,5037,Cross,16419,72.8358131,3010,45273,6,314,9630
Arkansas,5061,Howard,13202,73.58628232,2240,41427,7,186,7484
Arkansas,5063,Independence,37825,76.97455372,6320,47903,29,659,21610
Arkansas,5057,Hempstead,21532,75.85874768,4020,40867,5,380,11838
Arkansas,5059,Hot Spring,33771,73.98193141,6000,45860,7,510,20851
Arkansas,5065,Izard,13629,74.38109825,2470,40233,4,269,8542
Arkansas,5071,Johnson,26578,75.88590123,4880,40396,14,469,13743
Arkansas,5073,Lafayette,6624,76.01687119,1380,37164,2,115,3908
Arkansas,5067,Jackson,16719,73.74390854,3600,38636,7,380,9786
Arkansas,5069,Jefferson,66824,73.47641522,14120,40555,42,1520,40405
Arkansas,5043,Drew,18219,75.36794667,3370,44162,12,408,10135
Arkansas,5045,Faulkner,126007,76.67016728,19080,58482,67,1875,69673
Arkansas,5039,Dallas,7009,75.43681948,1330,41314,1,134,4319
Arkansas,5041,Desha,11361,72.82908451,2640,37005,5,241,6344
Arkansas,5047,Franklin,17715,74.94456805,3290,45670,5,252,10061
Arkansas,5053,Grant,18265,76.64322031,2760,58566,2,267,11550
Arkansas,5055,Greene,45325,74.71133359,7740,47098,25,699,26538
Arkansas,5049,Fulton,12477,74.15254728,2400,32926,7,199,7576
Arkansas,5051,Garland,99386,75.04835501,17320,45786,86,1537,63688
Delaware,10005,Sussex,234225,78.72642723,23900,64839,142,4058,147990
Delaware,10003,New Castle,558753,78.40830099,59160,76076,499,11048,351294
Delaware,10001,Kent,180786,77.81500963,21870,58804,84,3314,103220
District of Columbia,11001,District of Columbia,705749,79.01957062,81400,90395,826,22487,449266
Florida,12089,Nassau,88625,77.64004453,9260,72818,39,1210,55766
Florida,12091,Okaloosa,210738,77.98039286,24690,63520,158,2598,129424
Florida,12086,Miami-Dade,2716940,82.40992194,319970,54991,2222,33065,1558994
Florida,12087,Monroe,74228,81.25593669,8280,67528,56,963,54387
Florida,12097,Osceola,375751,79.71950199,40860,52270,147,6046,201351
Florida,12099,Palm Beach,1496770,82.61686185,167230,66621,1177,23969,948600
Florida,12093,Okeechobee,42168,76.34894398,6050,45225,18,617,22344
Florida,12095,Orange,1393452,80.56096743,162820,63133,1223,22173,800671
Florida,12075,Levy,41503,75.45967,6360,41405,7,621,25139
Florida,12077,Liberty,8354,76.48818338,1230,44236,,94,4851
Florida,12071,Lee,770577,82.5038342,85980,62364,494,10911,490538
Florida,12073,Leon,293582,79.4373269,39450,55081,248,4780,161065
Florida,12083,Marion,365579,76.29762799,50240,49079,210,5289,230792
Florida,12085,Martin,161000,82.28537277,17620,70806,103,2333,111547
Florida,12079,Madison,18493,75.55560352,3420,37919,2,281,11013
Florida,12081,Manatee,403253,81.71178676,44330,64151,218,5611,257467
Florida,12101,Pasco,553947,77.82116038,65670,55745,310,8310,340699
Florida,12123,Taylor,21569,75.74079447,3620,42987,7,295,12682
Florida,12125,Union,15237,68.25654143,2370,50893,4,137,8582
Florida,12119,Sumter,132420,80.43101033,14680,63464,48,1502,103394
Florida,12121,Suwannee,44417,75.85716509,6700,49453,6,619,25636
Florida,12131,Walton,74071,78.87605308,8660,62600,39,892,44599
Florida,12133,Washington,25473,72.52530588,4150,42518,6,330,14529
Florida,12127,Volusia,553284,76.83945533,71730,53554,368,8767,359603
Florida,12129,Wakulla,33739,76.91585657,3850,58640,11,434,20478
Florida,12107,Putnam,74521,73.9265354,12620,41986,31,1150,42776
Florida,12109,St. Johns,264672,81.89045226,22370,90839,253,3494,164427
Florida,12103,Pinellas,974996,79.189579,123860,56708,856,14713,676803
Florida,12105,Polk,724777,78.63797552,91770,51817,340,11280,404205
Florida,12115,Sarasota,433742,82.03442621,47100,66258,315,5849,311894
Florida,12117,Seminole,471826,80.66318282,47920,69954,355,7444,306390
Florida,12111,St. Lucie,328297,80.45276557,40770,57292,119,5722,196163
Florida,12113,Santa Rosa,184313,77.68471679,19700,66139,105,2455,111584
Florida,12069,Lake,367118,78.84878458,41460,57660,240,5108,228994
Florida,12021,Collier,384902,86.11609764,38030,76415,290,5586,245825
Florida,12023,Columbia,71686,75.22286885,10510,47087,33,966,41734
Florida,12017,Citrus,149657,75.73123384,22180,49762,75,2281,102096
Florida,12019,Clay,219252,77.83548035,23430,75776,113,3251,132714
Florida,12031,Duval,957755,76.05915969,129950,58339,809,16056,574389
Florida,12033,Escambia,318316,75.30189,42380,52822,227,4666,190954
Florida,12027,DeSoto,38001,80.51253448,5960,41673,11,499,19441
Florida,12029,Dixie,16826,75.3557202,2970,39793,2,222,9826
Florida,12005,Bay,174705,76.39674738,27200,58376,104,3255,116444
Florida,12007,Bradford,28201,75.26668984,4400,47509,7,347,15830
Florida,12001,Alachua,269043,79.18978166,36630,49880,422,4105,149867
Florida,12003,Baker,29210,75.52805594,3760,60454,8,368,16339
Florida,12013,Calhoun,14105,75.34996769,2020,41399,6,197,8093
Florida,12015,Charlotte,188910,81.07091716,23660,54756,111,2626,135399
Florida,12009,Brevard,601942,77.77289896,72000,57582,435,9062,400939
Florida,12011,Broward,1952778,81.45902823,222100,61429,1418,31706,1211715
Florida,12035,Flagler,115081,79.44924208,13300,62831,62,1795,77338
Florida,12057,Hillsborough,1471968,79.57185219,169310,61133,1191,23152,863435
Florida,12059,Holmes,19617,73.99907795,3610,38874,7,246,11079
Florida,12053,Hernando,193920,77.21043864,25280,50705,99,3017,122540
Florida,12055,Highlands,106221,78.34249656,15960,45723,61,1642,67754
Florida,12065,Jefferson,14246,77.63748813,1920,47192,3,187,9000
Florida,12067,Lafayette,8422,77.14520172,1280,45480,1,86,4469
Florida,12061,Indian River,159923,81.15510313,19020,61173,94,2508,105895
Florida,12063,Jackson,46414,74.36830872,8020,40543,19,623,28246
Florida,12041,Gilchrist,18582,76.91065009,2670,46171,7,245,10476
Florida,12043,Glades,13811,84.14191716,1910,45412,,211,7608
Florida,12037,Franklin,12125,77.33076332,1910,47504,3,164,7359
Florida,12039,Gadsden,45660,76.58237787,8280,42975,9,772,25666
Florida,12049,Hardee,26937,79.67163903,4140,41430,3,428,13479
Florida,12051,Hendry,42022,78.50287956,6490,45107,10,907,17024
Florida,12045,Gulf,13639,75.91631014,2280,53228,6,277,10215
Florida,12047,Hamilton,14428,76.19288566,2830,39241,1,178,7587
Georgia,13217,Newton,111744,76.3217472,15170,58222,29,2010,60008
Georgia,13215,Muscogee,195769,74.2778252,33310,47035,207,3513,111944
Georgia,13221,Oglethorpe,15259,79.06066264,1840,54346,,223,8363
Georgia,13219,Oconee,40280,81.3671691,2620,100878,51,496,23591
Georgia,13213,Murray,40096,76.04326679,5050,50061,7,780,18725
Georgia,13207,Monroe,27578,77.75576038,3210,70488,18,421,16331
Georgia,13205,Mitchell,21863,73.21179285,3880,37383,9,385,11766
Georgia,13211,Morgan,19276,78.08358583,1950,67089,10,287,11238
Georgia,13209,Montgomery,9172,75.7913894,1430,43657,,200,4933
Georgia,13223,Paulding,168667,78.85980551,14030,76580,26,2519,92402
Georgia,13237,Putnam,22119,79.25894202,2710,62282,8,354,13740
Georgia,13235,Pulaski,11137,78.9851653,2020,42274,7,156,6768
Georgia,13241,Rabun,17137,78.72846816,2380,46639,12,252,10762
Georgia,13239,Quitman,2299,70.93058702,410,35522,,40,1135
Georgia,13233,Polk,42613,73.75937674,5670,47896,12,668,21661
Georgia,13227,Pickens,32591,77.51864933,3250,66183,13,455,19493
Georgia,13225,Peach,27546,74.55297995,4340,49815,5,483,14664
Georgia,13231,Pike,18962,76.03687285,1900,74905,4,268,11001
Georgia,13229,Pierce,19465,75.23771513,2790,46701,4,294,10809
Georgia,13201,Miller,5718,71.28716421,880,41769,2,90,3394
Georgia,13175,Laurens,47546,74.11176903,8080,42018,41,873,27263
Georgia,13173,Lanier,10423,75.75865774,1690,42667,,147,5478
Georgia,13179,Liberty,61435,76.08387521,8920,51410,22,977,32200
Georgia,13177,Lee,29992,75.97030144,3120,72425,20,449,17568
Georgia,13171,Lamar,19077,74.710125,2690,57402,6,318,10571
Georgia,13165,Jenkins,8676,74.6848629,1520,32808,3,160,4635
Georgia,13163,Jefferson,15362,72.80486891,2670,35379,4,312,8134
Georgia,13169,Jones,28735,78.33093768,3400,56819,6,434,17503
Georgia,13167,Johnson,9643,75.41398624,1550,37771,5,147,5237
Georgia,13181,Lincoln,7921,78.14073244,1190,45299,2,137,4735
Georgia,13195,Madison,29880,76.419005,3850,52326,5,405,16753
Georgia,13193,Macon,12947,73.19243129,2500,34634,1,217,7011
Georgia,13199,Meriwether,21167,74.07540623,3610,43571,7,401,11810
Georgia,13197,Marion,8359,76.56352611,1250,41190,1,140,4710
Georgia,13191,McIntosh,14378,81.44245,2150,46682,,219,9417
Georgia,13185,Lowndes,117406,76.15431759,18030,46450,67,1804,59008
Georgia,13183,Long,19559,82.12585891,2660,52051,,296,10268
Georgia,13189,McDuffie,21312,73.34739974,3660,44473,11,450,11770
Georgia,13187,Lumpkin,33610,77.59597755,3850,57078,11,519,17304
Georgia,13243,Randolph,6778,75.74750953,1520,33505,2,122,3492
Georgia,13297,Walton,94593,76.8529825,9880,67007,24,1410,52911
Georgia,13295,Walker,69761,75.44840093,9710,47548,13,1116,39797
Georgia,13301,Warren,5254,75.73367258,910,37313,3,128,2854
Georgia,13299,Ware,35734,73.70449542,5770,37642,24,569,19923
Georgia,13293,Upson,26320,72.75047261,4070,40926,16,404,14752
Georgia,13287,Turner,7985,72.82508561,1590,35400,1,120,4517
Georgia,13285,Troup,69922,75.73186349,10770,47296,37,1187,38131
Georgia,13291,Union,24511,79.69432586,2750,57049,16,321,16159
Georgia,13289,Twiggs,8120,72.35450318,1520,44079,1,156,4581
Georgia,13303,Washington,20374,76.54230023,3700,41674,13,291,11600
Georgia,13317,Wilkes,9777,75.50787758,1660,39716,4,173,5798
Georgia,13315,Wilcox,8635,77.24701921,1360,38261,1,120,5228
Georgia,13321,Worth,20247,74.62737034,3190,43142,7,345,11789
Georgia,13319,Wilkinson,8954,75.01061653,1470,43902,3,151,5274
Georgia,13313,Whitfield,104628,78.11914736,12170,53115,54,1927,46652
Georgia,13307,Webster,2607,80.26253466,440,41547,2,50,1487
Georgia,13305,Wayne,29927,73.57548062,4430,47382,12,456,16698
Georgia,13311,White,30798,79.41009043,3380,54786,6,430,17863
Georgia,13309,Wheeler,7855,79.29086061,1460,35927,1,120,4385
Georgia,13283,Treutlen,6901,75.67781091,1150,37478,,139,3471
Georgia,13257,Stephens,25925,73.02005238,3700,45416,17,412,14302
Georgia,13255,Spalding,66703,74.65225296,10320,49237,30,1145,36451
Georgia,13261,Sumter,29524,73.35914258,5520,40250,20,609,15502
Georgia,13259,Stewart,6621,74.1239639,1220,34566,,100,3330
Georgia,13253,Seminole,8090,74.30482715,1450,38618,9,134,5155
Georgia,13247,Rockdale,90896,77.3161961,10560,60281,65,1690,52400
Georgia,13245,Richmond,202518,74.10356169,34950,44810,206,3843,111079
Georgia,13251,Screven,13966,75.07353119,2260,42331,2,275,8114
Georgia,13249,Schley,5257,81.08482051,810,51129,,85,2971
Georgia,13263,Talbot,6195,75.69245829,990,41045,2,126,3870
Georgia,13277,Tift,40644,74.96778429,6370,47764,31,663,21128
Georgia,13275,Thomas,44451,75.26797839,7090,47978,42,663,25789
Georgia,13281,Towns,12037,77.98609747,1550,49023,10,188,7629
Georgia,13279,Toombs,26830,74.54406769,4530,41442,26,576,14055
Georgia,13273,Terrell,8531,74.21483575,1780,37122,,177,4645
Georgia,13267,Tattnall,25286,75.8916071,3990,41457,7,366,13558
Georgia,13265,Taliaferro,1537,,320,37046,0,28,877
Georgia,13271,Telfair,15860,79.40731571,2840,36264,3,391,8479
Georgia,13269,Taylor,8020,75.10696159,1490,28234,,124,4442
Georgia,13161,Jeff Davis,15115,74.0609886,2180,40603,3,279,7715
Georgia,13055,Chattooga,24789,73.54846159,3710,41561,2,512,12630
Georgia,13053,Chattahoochee,10907,79.02903443,1630,46106,8,91,4829
Georgia,13059,Clarke,128331,79.00508133,20320,41036,86,2099,62389
Georgia,13057,Cherokee,258773,80.28147397,19150,88635,104,3696,153149
Georgia,13051,Chatham,289430,78.19074518,37960,57122,259,4605,174706
Georgia,13045,Carroll,119992,75.25249541,15760,59193,55,1885,62734
Georgia,13043,Candler,10803,74.54127005,2010,41665,3,165,5564
Georgia,13049,Charlton,13392,76.67629692,2170,42891,4,181,6780
Georgia,13047,Catoosa,67580,78.32507764,6920,60753,34,999,40204
Georgia,13061,Clay,2834,75.5400714,730,24732,1,61,1758
Georgia,13075,Cook,17270,74.49333859,2780,40670,11,270,8944
Georgia,13073,Columbia,156714,80.47549824,13250,88285,161,2274,92787
Georgia,13079,Crawford,12404,75.50858652,1800,50411,1,201,7238
Georgia,13077,Coweta,148509,78.94401769,13750,79232,68,2184,85424
Georgia,13071,Colquitt,45600,74.36854576,6980,41899,20,675,22041
Georgia,13065,Clinch,6618,72.56209161,1380,42928,1,104,3065
Georgia,13063,Clayton,292256,76.62274902,41640,50737,76,5816,149134
Georgia,13069,Coffee,43273,74.52947207,6880,41675,22,731,21365
Georgia,13067,Cobb,760141,80.68410809,67770,79622,560,12575,463946
Georgia,13039,Camden,54666,78.17407956,6210,58552,15,756,30712
Georgia,13013,Barrow,83240,76.35798832,8120,68924,19,1138,43888
Georgia,13011,Banks,19234,75.90306547,2140,53481,4,264,9833
Georgia,13017,Ben Hill,16700,73.00461051,3370,35931,8,295,9323
Georgia,13015,Bartow,107738,76.67826008,12290,60254,42,1654,58744
Georgia,13009,Baldwin,44890,74.92012495,7540,44429,22,738,24166
Georgia,13003,Atkinson,8165,72.80736375,1300,38581,,143,3495
Georgia,13001,Appling,18386,75.09966001,2900,43821,7,361,9207
Georgia,13007,Baker,3038,79.5714009,550,39515,,55,1813
Georgia,13005,Bacon,11164,73.85865167,1880,41807,8,176,6036
Georgia,13019,Berrien,19397,74.27375887,3280,42058,4,298,10426
Georgia,13033,Burke,22383,73.95549618,3790,42632,8,465,11795
Georgia,13031,Bulloch,79608,77.49820715,11920,48788,41,1370,37173
Georgia,13037,Calhoun,6189,77.67604217,1180,34960,1,81,3433
Georgia,13035,Butts,24936,74.30982362,3720,47410,5,360,13688
Georgia,13029,Bryan,39627,76.31265664,4010,79296,28,548,21402
Georgia,13023,Bleckley,12873,77.64407886,2030,48115,5,228,6953
Georgia,13021,Bibb,153159,74.16858387,26890,43066,208,2647,85932
Georgia,13027,Brooks,15457,74.19200133,2600,39554,3,233,9420
Georgia,13025,Brantley,19109,74.37785384,3060,44680,3,294,10068
Georgia,13081,Crisp,22372,75.1728006,4480,40482,17,368,12538
Georgia,13135,Gwinnett,936250,81.22164546,81160,72225,603,14728,511093
Georgia,13133,Greene,18324,78.34861511,2530,60973,10,270,10970
Georgia,13139,Hall,204441,79.4699131,19570,66698,116,2839,102585
Georgia,13137,Habersham,45328,77.63927014,5180,51296,22,658,24111
Georgia,13131,Grady,24633,76.32448775,4130,42603,13,356,13569
Georgia,13125,Glascock,2971,74.22780224,400,49350,1,47,1597
Georgia,13123,Gilmer,31369,76.93423013,4040,57007,17,417,18222
Georgia,13129,Gordon,57963,75.71863589,8270,53373,24,951,29722
Georgia,13127,Glynn,85292,77.43743627,11740,58017,43,1306,52093
Georgia,13141,Hancock,8457,75.68161113,1480,31715,1,135,4887
Georgia,13155,Irwin,9416,73.43718528,1710,42317,3,156,5081
Georgia,13153,Houston,157863,77.3341495,19380,65641,86,2340,91984
Georgia,13159,Jasper,14219,76.42186324,1910,59207,5,213,7982
Georgia,13157,Jackson,72977,77.31442861,6470,66645,39,968,38547
Georgia,13151,Henry,234561,77.56435378,22480,72927,112,4086,132802
Georgia,13145,Harris,35236,79.36151604,3170,74052,13,510,22042
Georgia,13143,Haralson,29792,74.38182968,3950,49020,12,416,16179
Georgia,13149,Heard,11923,75.7930598,1610,48984,2,175,6447
Georgia,13147,Hart,26205,78.35946672,3570,50647,9,400,15189
Georgia,13121,Fulton,1063937,79.62463492,127960,79235,1162,19349,648561
Georgia,13095,Dougherty,87956,74.44172516,17870,36894,72,1818,47961
Georgia,13093,Dooly,13390,79.51650343,2440,37109,1,191,7705
Georgia,13099,Early,10190,73.03939322,1850,40011,7,171,5488
Georgia,13097,Douglas,146343,77.83958541,16490,62915,53,2577,81300
Georgia,13091,Dodge,20605,76.34246803,3630,41118,8,381,12729
Georgia,13085,Dawson,26108,77.10464838,2230,69155,18,349,15278
Georgia,13083,Dade,16116,76.36740442,2080,45986,6,268,8972
Georgia,13089,DeKalb,759297,80.40224451,96060,63606,828,13654,455295
Georgia,13087,Decatur,26404,74.2665078,4720,40473,12,439,14643
Georgia,13101,Echols,4006,83.58138277,590,40408,,53,2069
Georgia,13115,Floyd,98498,75.15557914,13880,50520,128,1689,53433
Georgia,13113,Fayette,114421,81.14741971,8170,94563,125,1729,72713
Georgia,13119,Franklin,23349,73.85553484,3770,47691,6,350,12757
Georgia,13117,Forsyth,244252,82.31196058,13280,113332,94,3339,137639
Georgia,13111,Fannin,26188,77.48490058,3430,47980,12,380,16949
Georgia,13105,Elbert,19194,75.09341708,2960,40962,9,306,10488
Georgia,13103,Effingham,64296,76.48818561,5490,71628,14,889,34825
Georgia,13109,Evans,10654,75.9619099,1750,41425,5,164,5491
Georgia,13107,Emanuel,22646,72.37463149,4130,38529,10,440,11695
Kentucky,21159,Martin,11195,73.35459686,2510,34291,3,190,6298
Kentucky,21161,Mason,17070,73.40855202,2700,47861,12,411,10148
Kentucky,21163,Meade,28572,76.02990505,3580,54946,6,570,17118
Kentucky,21157,Marshall,31100,74.96058401,3980,57945,14,705,20105
Kentucky,21151,Madison,92987,76.18374528,12780,50316,50,1832,48675
Kentucky,21153,Magoffin,12161,71.61586964,3130,32045,5,346,6092
Kentucky,21155,Marion,19273,75.33339151,3190,48062,9,376,10497
Kentucky,21165,Menifee,6489,74.40035956,1140,37457,3,161,3637
Kentucky,21175,Morgan,13309,75.48822557,2560,37433,3,246,7508
Kentucky,21177,Muhlenberg,30622,75.10341782,5060,45049,13,651,17856
Kentucky,21179,Nelson,46233,76.08296734,5500,64795,23,1059,27811
Kentucky,21173,Montgomery,28157,75.21785186,4720,52903,13,621,16143
Kentucky,21167,Mercer,21933,75.40852674,3060,55267,5,468,12741
Kentucky,21169,Metcalfe,10071,75.3396936,1710,38978,2,197,5313
Kentucky,21171,Monroe,10650,72.44368274,1830,36512,5,184,5549
Kentucky,21129,Lee,7403,71.26613854,1570,30905,2,117,3380
Kentucky,21131,Leslie,9877,70.37558482,2480,32202,2,223,5240
Kentucky,21133,Letcher,21553,70.96171831,5080,32435,16,471,12055
Kentucky,21127,Lawrence,15317,72.10880718,3100,38055,5,367,8126
Kentucky,21121,Knox,31145,72.41073296,6300,31634,7,595,15444
Kentucky,21123,Larue,14398,75.56638968,2020,49785,1,271,8356
Kentucky,21125,Laurel,60813,74.99477471,10180,44033,25,1209,33753
Kentucky,21135,Lewis,13275,71.64946733,2740,37410,3,413,7160
Kentucky,21145,McCracken,65418,76.61230048,9430,48219,63,1439,41556
Kentucky,21147,McCreary,17231,71.87287967,4110,32701,2,284,9275
Kentucky,21149,McLean,9207,75.54066552,1320,51184,,187,5638
Kentucky,21143,Lyon,8210,75.88899404,1190,52978,3,146,5762
Kentucky,21137,Lincoln,24549,74.33151433,4130,43220,7,472,13539
Kentucky,21139,Livingston,9194,75.74696452,1420,50521,3,210,5634
Kentucky,21141,Logan,27102,75.04312555,3730,48902,8,509,15648
Kentucky,21219,Todd,12294,74.6677794,1700,47742,3,215,6310
Kentucky,21221,Trigg,14651,77.2310368,1730,49955,2,283,9076
Kentucky,21223,Trimble,8471,74.61782472,1320,58998,2,170,4977
Kentucky,21217,Taylor,25769,75.10133213,4460,48485,18,545,14537
Kentucky,21211,Shelby,49024,78.79488325,5370,71737,17,876,28017
Kentucky,21213,Simpson,18572,74.40593336,2290,52931,7,405,10680
Kentucky,21215,Spencer,19351,77.68781594,1710,79863,8,365,11738
Kentucky,21225,Union,14381,74.67735712,2410,49870,3,276,8576
Kentucky,21235,Whitley,36264,70.90420566,6620,38191,26,708,18793
Kentucky,21237,Wolfe,7157,70.3042157,1760,32773,1,140,3714
Kentucky,21239,Woodford,26734,78.29829813,3030,67815,16,468,16666
Kentucky,21233,Webster,12942,74.72812419,2190,49079,3,234,7457
Kentucky,21227,Warren,132896,77.36480496,17020,53238,88,2544,68752
Kentucky,21229,Washington,12095,76.78631609,1620,51286,4,245,6880
Kentucky,21231,Wayne,20333,76.63079046,3860,34449,11,432,10965
Kentucky,21189,Owsley,4415,69.42899173,1060,28727,,80,2124
Kentucky,21191,Pendleton,14590,73.02657842,2050,58962,3,267,8438
Kentucky,21193,Perry,25758,68.45919808,5610,38000,32,502,14418
Kentucky,21187,Owen,10901,76.2705933,1590,51494,4,236,6009
Kentucky,21181,Nicholas,7269,74.18821138,1300,38084,1,146,3684
Kentucky,21183,Ohio,23994,75.41889492,3880,47542,7,501,13636
Kentucky,21185,Oldham,66799,79.81214753,4540,101152,39,1098,40929
Kentucky,21195,Pike,57876,73.07210942,11830,36875,52,1158,32525
Kentucky,21205,Rowan,24460,75.98110436,4170,44068,19,552,11998
Kentucky,21207,Russell,17923,74.0689395,3050,44056,6,357,9861
Kentucky,21209,Scott,57004,76.95006614,5860,74719,32,1025,32395
Kentucky,21203,Rockcastle,16695,73.62308643,2850,40790,7,321,9315
Kentucky,21197,Powell,12359,69.73715175,2230,41760,1,271,6728
Kentucky,21199,Pulaski,64979,74.18174363,10960,43568,50,1252,37400
Kentucky,21201,Robertson,2108,72.75651262,350,47017,,44,1277
Kentucky,21039,Carlisle,4760,74.95685193,680,49659,2,93,2796
Kentucky,21041,Carroll,10631,72.15543195,1730,51672,3,212,5618
Kentucky,21043,Carter,26797,73.52944783,5330,43492,6,812,14740
Kentucky,21037,Campbell,93584,77.44622248,10430,66520,62,1782,57817
Kentucky,21031,Butler,12879,73.71474147,2040,46305,1,247,7159
Kentucky,21033,Caldwell,12747,75.71341439,1900,44144,6,273,7794
Kentucky,21035,Calloway,39001,77.32532962,5720,45574,16,767,21615
Kentucky,21045,Casey,16159,75.33812416,2840,34751,1,280,8369
Kentucky,21055,Crittenden,8806,73.65008491,1330,44595,4,185,5337
Kentucky,21057,Cumberland,6614,74.91778612,1030,34897,3,134,3986
Kentucky,21059,Daviess,101511,76.8210861,13400,52620,54,1837,61009
Kentucky,21053,Clinton,10218,75.180067,1730,34005,4,221,5221
Kentucky,21047,Christian,70461,74.74435395,12110,46390,43,1402,34775
Kentucky,21049,Clark,36263,74.8401128,5040,55428,17,679,21793
Kentucky,21051,Clay,19901,71.73172331,5040,30175,7,365,9408
Kentucky,21009,Barren,44249,75.88398707,7490,44859,34,851,24805
Kentucky,21011,Bath,12500,72.69753012,2190,42248,1,288,6311
Kentucky,21013,Bell,26032,71.49765793,6700,30940,13,543,13176
Kentucky,21007,Ballard,7888,76.14823146,1210,48053,,201,4903
Kentucky,21001,Adair,19202,76.46120202,3090,37650,7,380,10502
Kentucky,21003,Allen,21315,74.84533113,3130,47307,3,378,11843
Kentucky,21005,Anderson,22747,75.30155327,2750,61308,6,448,13815
Kentucky,21015,Boone,133581,78.93771786,11420,78806,83,2424,79864
Kentucky,21025,Breathitt,12630,69.61836812,3230,33407,7,262,6959
Kentucky,21027,Breckinridge,20477,76.51378627,3070,46069,5,423,11810
Kentucky,21029,Bullitt,81676,78.45750419,8810,66335,15,1774,49453
Kentucky,21023,Bracken,8303,73.93833506,1150,53289,2,187,4909
Kentucky,21017,Bourbon,19788,75.8537503,2790,47046,14,372,11807
Kentucky,21019,Boyd,46718,74.17580615,7990,50017,49,1013,30088
Kentucky,21021,Boyle,30060,77.27926801,4050,53644,21,587,17446
Kentucky,21099,Hart,19035,74.8942762,3020,42718,7,378,9601
Kentucky,21101,Henderson,45210,76.07163217,7290,53199,24,846,27783
Kentucky,21103,Henry,16126,75.21883206,2350,51806,8,303,9274
Kentucky,21097,Harrison,18886,74.8395867,2620,51475,9,379,10623
Kentucky,21091,Hancock,8722,76.31230585,1060,60626,,153,4979
Kentucky,21093,Hardin,110958,77.18436457,14470,57711,70,2025,64933
Kentucky,21095,Harlan,26010,70.46608993,6730,30050,7,645,13604
Kentucky,21105,Hickman,4380,77.09318912,710,52331,1,86,2631
Kentucky,21115,Johnson,22188,71.94048587,4400,31202,16,447,12805
Kentucky,21117,Kenton,166998,76.14882776,19360,68692,142,3137,101123
Kentucky,21119,Knott,14806,72.38364513,3590,32613,5,310,7930
Kentucky,21113,Jessamine,54115,77.49209225,7200,62533,43,971,30358
Kentucky,21107,Hopkins,44686,74.73762705,6690,48769,47,848,27421
Kentucky,21109,Jackson,13329,72.67415433,2890,34940,3,267,7001
Kentucky,21111,Jefferson,766757,76.0759768,100450,59025,719,16145,480559
Kentucky,21069,Fleming,14581,75.00550558,2380,43943,7,334,7851
Kentucky,21071,Floyd,35589,70.97513067,8160,35828,21,708,19300
Kentucky,21073,Franklin,50991,75.7590717,6310,58917,19,941,31626
Kentucky,21067,Fayette,323152,78.61974747,40400,58981,404,5836,189906
Kentucky,21061,Edmonson,12150,75.83209469,2020,47482,1,239,6872
Kentucky,21063,Elliott,7517,77.35713856,1650,34262,1,168,4151
Kentucky,21065,Estill,14106,71.91223023,3050,35004,4,268,7645
Kentucky,21075,Fulton,5969,71.49191727,1270,34376,2,117,3437
Kentucky,21085,Grayson,26427,73.56909543,4580,43771,15,552,14554
Kentucky,21087,Green,10941,75.14135969,1800,38896,2,224,5994
Kentucky,21089,Greenup,35098,74.86677971,5410,52179,22,884,22548
Kentucky,21083,Graves,37266,75.80396587,5390,48038,12,727,22011
Kentucky,21077,Gallatin,8869,71.78901767,1100,55273,4,164,4742
Kentucky,21079,Garrard,17666,76.30839193,2390,51757,5,358,10039
Kentucky,21081,Grant,25069,73.61516776,3610,55210,11,488,13948
Louisiana,22085,,23884,76.03730191,3720,45486,3,467,14198
Louisiana,22087,,47244,75.36321095,6840,45806,11,969,24279
Louisiana,22081,,8442,73.31485417,1430,39806,2,192,4676
Louisiana,22083,,20122,74.23834811,3860,39586,13,518,10796
Louisiana,22093,,21096,76.64884651,3170,57250,5,554,12491
Louisiana,22095,,42837,74.59063028,6490,54944,12,1102,24720
Louisiana,22089,,53100,77.57237472,5760,71579,19,1085,31692
Louisiana,22091,,10132,74.7629276,1830,43376,2,260,5748
Louisiana,22069,,38158,75.12849435,7840,49536,22,987,20332
Louisiana,22071,,390144,77.03599196,70140,45092,401,8713,240135
Louisiana,22065,,10951,72.01272069,2650,32229,4,283,5553
Louisiana,22067,,24874,71.36756128,5280,34922,8,833,13578
Louisiana,22077,,21730,76.24809707,3710,48011,6,528,12278
Louisiana,22079,,129648,74.38906594,21380,49687,114,2804,74319
Louisiana,22073,,153279,75.0219371,26290,43235,134,3736,87485
Louisiana,22075,,23197,77.57695393,3380,60795,4,433,12835
Louisiana,22117,,46194,72.0500781,9140,35505,9,990,25045
Louisiana,22119,,38340,74.06509487,7230,38386,25,884,22822
Louisiana,22113,,59511,77.07112311,8760,50193,20,1217,31061
Louisiana,22115,,47429,75.06562774,8380,51652,18,977,26193
Louisiana,22125,,15568,77.72250916,2030,65296,11,220,9486
Louisiana,22127,,13904,74.9482785,2740,43166,8,309,8333
Louisiana,22121,,26465,78.70298504,3520,65344,4,619,15385
Louisiana,22123,,10830,75.09879073,2000,42614,2,387,6061
Louisiana,22101,,49348,75.3991252,8700,40918,27,1173,28578
Louisiana,22103,,260419,78.347542,28050,71526,209,4965,157851
Louisiana,22097,,82124,72.67653054,15220,39599,57,2000,41277
Louisiana,22099,,53431,76.29992484,7650,47247,9,1133,29419
Louisiana,22109,,110461,75.36926421,17880,51719,44,2145,58516
Louisiana,22111,,22108,76.02061599,3280,44617,2,528,13441
Louisiana,22105,,134758,75.20192089,22350,47860,53,3007,71844
Louisiana,22107,,4334,75.69164543,1050,31436,,116,2456
Louisiana,22021,,9918,73.68084765,1730,44007,3,229,5173
Louisiana,22023,,6973,81.74408013,710,60317,2,148,4074
Louisiana,22017,,240204,74.91223728,43320,45613,282,5546,144364
Louisiana,22019,,203436,75.17948877,27870,53050,158,4338,115861
Louisiana,22029,,19259,73.28390181,3770,36276,5,453,10650
Louisiana,22031,,27463,76.2651433,4820,47347,5,652,15285
Louisiana,22025,,9494,75.84656368,1640,36794,1,217,4949
Louisiana,22027,,15670,75.46005659,3230,36497,6,331,9510
Louisiana,22005,,126604,79.48205457,13160,83072,51,2635,70708
Louisiana,22007,,21891,77.08433087,3750,51763,3,542,11514
Louisiana,22001,,62045,74.90041712,10970,44728,23,1269,32532
Louisiana,22003,,25627,75.14601182,4050,47111,3,499,14262
Louisiana,22013,,13241,73.83227839,2740,37198,2,326,7954
Louisiana,22015,,127039,77.82010097,16920,54080,56,2475,74899
Louisiana,22009,,40144,73.96014582,7360,38316,11,883,21316
Louisiana,22011,,37497,75.70749921,5590,55343,15,757,21059
Louisiana,22053,,31368,73.85744097,4880,47988,15,624,16889
Louisiana,22055,,244390,78.56429176,31860,60053,270,4922,143540
Louisiana,22049,,15744,76.36817433,3010,43232,3,322,9058
Louisiana,22051,,432493,77.41982501,58130,55909,407,8929,261742
Louisiana,22061,,46742,76.92229476,8380,41608,31,1179,22847
Louisiana,22063,,140789,76.74301649,15300,63852,24,2801,78188
Louisiana,22057,,97614,77.10681409,13450,54145,45,1884,52083
Louisiana,22059,,14892,75.36682026,2310,51014,9,286,7761
Louisiana,22037,,19135,73.42286736,2840,50041,6,367,11418
Louisiana,22039,,33395,73.22128557,6920,35146,21,703,16554
Louisiana,22033,,440059,76.09617217,64120,56303,405,10156,253860
Louisiana,22035,,6861,72.08385976,2040,29943,3,200,3446
Louisiana,22045,,69830,74.87322959,12190,47731,34,1525,37386
Louisiana,22047,,32511,76.1030002,5410,55198,11,833,18346
Louisiana,22041,,20015,75.0420796,3970,35484,9,529,10143
Louisiana,22043,,22389,75.84854916,3680,49544,2,475,13193
Maryland,24033,Prince George's,909327,79.59779299,93570,85357,498,19288,534559
Maryland,24035,Queen Anne's,50381,79.76492929,3970,101350,18,869,32717
Maryland,24037,St. Mary's,113510,78.66270477,11480,89123,42,1903,66724
Maryland,24027,Howard,325690,83.15209762,23330,121329,620,5191,205584
Maryland,24029,Kent,19422,79.00151117,2400,65615,17,409,12349
Maryland,24031,Montgomery,1050688,84.60394938,83700,110012,1455,16556,653201
Maryland,24045,Wicomico,103609,76.65627558,13580,54351,64,2397,56306
Maryland,24047,Worcester,52276,79.66070846,6860,65821,44,1906,35969
Maryland,24510,Baltimore City,593490,72.84514356,110830,49780,629,14832,360986
Maryland,24039,Somerset,25616,75.50218047,4270,38731,9,563,13844
Maryland,24041,Talbot,37181,80.35718892,4100,75714,37,662,25493
Maryland,24043,Washington,151049,76.79312345,19680,59785,85,2912,91637
Maryland,24009,Calvert,92525,79.51442984,7240,111056,47,1596,59230
Maryland,24011,Caroline,33406,76.82869972,4190,60143,11,658,19014
Maryland,24013,Carroll,168447,78.62954323,13500,101810,75,2821,108136
Maryland,24001,Allegany,70416,76.68906215,10890,48170,43,1679,45032
Maryland,24003,Anne Arundel,579234,79.33965583,48380,100916,391,9712,363794
Maryland,24005,Baltimore,827370,78.09562047,90900,76972,829,16917,526291
Maryland,24021,Frederick,259547,80.55379863,22210,102951,161,4308,158109
Maryland,24023,Garrett,29014,78.32835241,3570,59253,16,700,19283
Maryland,24025,Harford,255441,78.96872,23410,91492,140,4750,162007
Maryland,24015,Cecil,102855,75.70277929,11320,75307,43,2130,63484
Maryland,24017,Charles,163257,78.60957124,13990,102510,63,3194,99522
Maryland,24019,Dorchester,31929,75.58612569,4770,48709,15,746,20274
Mississippi,28109,Pearl River,55535,73.66664165,8900,45874,15,1238,31650
Mississippi,28111,Perry,11973,75.93546703,2270,43106,2,289,6788
Mississippi,28107,Panola,34192,73.41224187,6340,40655,7,827,18228
Mississippi,28103,Noxubee,10417,74.29018899,2380,32916,,276,4924
Mississippi,28105,Oktibbeha,49587,77.8659638,8740,41631,20,1275,23431
Mississippi,28119,Quitman,6792,70.77808909,1860,29318,1,196,3449
Mississippi,28121,Rankin,155271,79.24120365,17660,67284,94,3004,93883
Mississippi,28117,Prentiss,25126,74.04818402,4820,43465,10,557,13564
Mississippi,28113,Pike,39288,72.0836731,8990,35044,17,944,21165
Mississippi,28115,Pontotoc,32174,76.28763432,5220,48910,6,640,15755
Mississippi,28089,Madison,106272,76.46216999,12660,70824,140,2327,63350
Mississippi,28091,Marion,24573,74.07036129,5130,38402,9,543,13829
Mississippi,28087,Lowndes,58595,74.63662951,10550,49251,28,1355,33818
Mississippi,28083,Leflore,28183,70.67280478,7230,29687,23,756,14531
Mississippi,28085,Lincoln,34153,73.94104103,6080,45062,15,822,20082
Mississippi,28099,Neshoba,29118,70.93491595,5660,41795,17,604,14920
Mississippi,28101,Newton,21018,74.27580073,4170,42962,4,485,11672
Mississippi,28097,Montgomery,9775,72.50575623,2170,38475,6,239,5596
Mississippi,28093,Marshall,35294,73.37679691,5720,43107,4,832,20075
Mississippi,28095,Monroe,35252,74.8958645,5860,42464,17,851,20050
Mississippi,28123,Scott,28124,73.28796191,5760,41532,4,572,13655
Mississippi,28151,Washington,43909,70.52809476,11550,31018,20,1284,23531
Mississippi,28153,Wayne,20183,75.56487847,3940,39036,7,454,10589
Mississippi,28149,Warren,45381,74.41029154,8580,46606,26,1226,27376
Mississippi,28145,Union,28815,76.17312267,4440,49320,14,594,14878
Mississippi,28147,Walthall,14286,75.46958984,3060,35465,6,359,7926
Mississippi,28161,Yalobusha,12108,72.18205969,2030,40515,1,285,7145
Mississippi,28163,Yazoo,29690,73.77883856,6470,34817,7,599,15567
Mississippi,28159,Winston,17955,74.65174778,3550,37596,6,452,10422
Mississippi,28155,Webster,9689,73.84865046,1930,46110,3,225,5628
Mississippi,28157,Wilkinson,8630,70.88789279,2230,32612,3,285,4661
Mississippi,28131,Stone,18336,75.0922527,3050,47187,5,451,9938
Mississippi,28133,Sunflower,25110,70.3263053,6210,32948,8,685,13099
Mississippi,28129,Smith,15916,75.92877996,2530,46296,1,356,8709
Mississippi,28125,Sharkey,4321,70.00449677,1000,31138,1,135,2265
Mississippi,28127,Simpson,26658,75.04953629,5000,47664,11,556,14526
Mississippi,28141,Tishomingo,19383,72.47852988,3380,43341,6,440,10969
Mississippi,28143,Tunica,9632,69.88819795,2020,33993,,276,5576
Mississippi,28139,Tippah,22015,73.59803905,3780,44696,3,482,11438
Mississippi,28135,Tallahatchie,13809,74.23911538,2930,31915,3,306,6839
Mississippi,28137,Tate,28321,74.85918369,4680,50188,6,698,15451
Mississippi,28027,Coahoma,22124,70.29628548,5690,30242,12,642,11486
Mississippi,28029,Copiah,28065,75.70028911,5230,42299,9,743,15185
Mississippi,28025,Clay,19316,76.55575281,3520,33653,9,581,10952
Mississippi,28021,Claiborne,8988,71.29758316,2470,31221,4,325,4184
Mississippi,28023,Clarke,15541,73.98222587,2940,42826,5,369,9030
Mississippi,28037,Franklin,7713,74.54099586,1280,41420,2,191,4485
Mississippi,28039,George,24500,72.61908078,3900,51858,9,656,13129
Mississippi,28035,Forrest,74897,73.49617046,15260,40224,58,1707,40910
Mississippi,28031,Covington,18636,72.50320099,3540,42076,8,398,10363
Mississippi,28033,DeSoto,184945,76.98854586,21260,67450,59,4017,105668
Mississippi,28007,Attala,18174,74.0700254,3760,36905,9,439,9535
Mississippi,28009,Benton,8259,73.47578198,1540,37875,1,187,4132
Mississippi,28005,Amite,12297,76.98237721,2400,41575,2,308,7390
Mississippi,28001,Adams,30693,73.61677038,7180,34583,28,794,17364
Mississippi,28003,Alcorn,36953,73.64976129,6250,43496,14,757,20756
Mississippi,28017,Chickasaw,17103,74.36354295,3110,37533,9,390,8559
Mississippi,28019,Choctaw,8210,73.88566339,1660,41146,3,205,4654
Mississippi,28015,Carroll,9947,77.58643154,1680,44885,2,218,5852
Mississippi,28011,Bolivar,30628,71.47069346,7860,30309,16,863,16050
Mississippi,28013,Calhoun,14361,75.38327431,2840,38648,2,310,7650
Mississippi,28041,Greene,13586,75.85361066,2260,48641,,341,7465
Mississippi,28069,Kemper,9742,77.48050818,2240,33472,1,284,5545
Mississippi,28071,Lafayette,54019,78.11433427,8140,54034,34,1280,28375
Mississippi,28067,Jones,68098,74.56625369,12000,41733,31,1413,37778
Mississippi,28063,Jefferson,6990,73.40003653,2230,30871,4,314,3789
Mississippi,28065,Jefferson Davis,11128,72.3397948,2410,32077,2,284,6557
Mississippi,28079,Leake,22786,76.13957249,4680,41007,5,441,11568
Mississippi,28081,Lee,85436,74.86985637,13350,50803,86,1800,47207
Mississippi,28077,Lawrence,12586,72.71522299,2190,43668,3,313,6987
Mississippi,28073,Lamar,63343,79.90882958,9040,62606,80,1287,36724
Mississippi,28075,Lauderdale,74125,74.91886813,14700,41604,72,1674,43404
Mississippi,28049,Hinds,231840,75.24761597,43580,44773,193,5621,134406
Mississippi,28051,Holmes,17010,70.63913797,5030,26348,9,583,8428
Mississippi,28047,Harrison,208080,74.92334002,35820,49619,122,4457,119488
Mississippi,28043,Grenada,20758,70.14277296,4130,40561,9,480,11543
Mississippi,28045,Hancock,47632,77.58457734,7930,50401,16,1056,29438
Mississippi,28059,Jackson,143617,75.7100859,23190,53414,66,3533,86149
Mississippi,28061,Jasper,16383,74.95540969,3100,40923,3,423,9558
Mississippi,28057,Itawamba,23390,74.86408317,3730,49214,4,495,12428
Mississippi,28053,Humphreys,8064,72.81116226,2250,28464,3,224,3774
Mississippi,28055,Issaquena,1327,,380,30944,0,43,672
North Carolina,37133,Onslow,197938,76.82144844,29430,50645,65,3025,95788
North Carolina,37135,Orange,148476,82.25852132,15470,74314,274,2603,83482
North Carolina,37137,Pamlico,12726,76.6843302,1920,52522,5,205,8750
North Carolina,37127,Nash,94298,75.29111965,14440,50902,53,2099,55481
North Carolina,37129,New Hanover,234473,79.46105721,31560,57252,214,4458,145393
North Carolina,37131,Northampton,19483,77.68758728,3740,39777,1,406,12055
North Carolina,37145,Person,39490,76.03959292,6080,54553,15,781,24286
North Carolina,37147,Pitt,180742,78.35115359,28610,52961,197,3846,96795
North Carolina,37149,Polk,20724,79.55723022,2580,53405,12,346,14420
North Carolina,37139,Pasquotank,39824,76.06673519,6050,51245,25,773,23429
North Carolina,37141,Pender,63060,77.33870456,8040,60405,18,1149,37371
North Carolina,37143,Perquimans,13463,78.89912113,1970,50804,2,251,8767
North Carolina,37125,Moore,100880,79.49616931,12250,63942,114,1624,63591
North Carolina,37107,Lenoir,55949,74.55538575,10810,39947,26,1066,31565
North Carolina,37109,Lincoln,86111,77.57022099,10500,70479,43,1542,51871
North Carolina,37111,McDowell,45756,76.98369456,6990,46370,13,802,27568
North Carolina,37101,Johnston,209339,78.14534278,24020,62835,55,3627,113666
North Carolina,37103,Jones,9419,75.86710113,1890,46275,5,172,5874
North Carolina,37105,Lee,61779,76.50095357,8510,53114,37,1179,33999
North Carolina,37119,Mecklenburg,1110356,80.58036288,126200,69455,965,22786,650845
North Carolina,37121,Mitchell,14964,75.78721005,2190,47675,9,281,9460
North Carolina,37123,Montgomery,27173,76.50775488,3970,46497,7,463,15076
North Carolina,37113,Macon,35858,77.93295604,5000,46279,24,610,23415
North Carolina,37115,Madison,21755,77.22754814,3140,50062,12,374,13330
North Carolina,37117,Martin,22440,75.34594484,3850,39413,10,463,13750
North Carolina,37183,Wake,1111761,81.81196727,108650,84377,928,20095,663119
North Carolina,37185,Warren,19731,77.89559416,3530,37027,1,378,11870
North Carolina,37187,Washington,11580,75.5072467,2370,40157,4,263,6842
North Carolina,37177,Tyrrell,4016,79.24596352,840,37680,,88,2292
North Carolina,37179,Union,239859,80.07678614,21490,86138,165,4310,132090
North Carolina,37181,Vance,44535,73.75157115,8450,40450,19,1013,24171
North Carolina,37195,Wilson,81801,75.6288839,14470,42414,38,2024,44554
North Carolina,37197,Yadkin,37667,76.46244821,5060,50929,12,616,22030
North Carolina,37199,Yancey,18069,78.82367567,2720,47664,12,318,11159
North Carolina,37189,Watauga,56177,81.33107721,7450,51630,42,1039,28825
North Carolina,37191,Wayne,123131,75.77060672,20570,45634,59,2169,69411
North Carolina,37193,Wilkes,68412,76.72780392,10840,45250,29,1197,39505
North Carolina,37175,Transylvania,34385,80.77831627,4550,55628,27,551,22826
North Carolina,37157,Rockingham,91010,75.48737157,13900,44686,35,1782,54127
North Carolina,37159,Rowan,142088,75.44153062,20000,52051,57,2672,82808
North Carolina,37161,Rutherford,67029,76.19829562,10930,44547,29,1245,40134
North Carolina,37151,Randolph,143667,75.59448606,19710,50129,68,2527,80725
North Carolina,37153,Richmond,44829,73.91801338,8300,40518,14,883,24731
North Carolina,37155,Robeson,130625,72.79695328,25880,36366,54,2733,66165
North Carolina,37169,Stokes,45591,76.90188181,5970,52356,10,787,28175
North Carolina,37171,Surry,71783,74.98252545,10820,48637,39,1253,40486
North Carolina,37173,Swain,14271,71.38534133,2210,46075,12,281,7810
North Carolina,37163,Sampson,63531,76.37082273,10740,45997,27,1136,33737
North Carolina,37165,Scotland,34823,74.56209532,7390,39197,20,767,18938
North Carolina,37167,Stanly,62806,75.51686948,8180,58303,22,1129,36803
North Carolina,37033,Caswell,22604,75.80626331,3630,51240,4,447,13446
North Carolina,37035,Catawba,159551,76.96546924,20030,53688,104,2854,93664
North Carolina,37037,Chatham,74470,81.05790057,8280,70258,68,1215,46412
North Carolina,37027,Caldwell,82178,76.0432856,12150,48512,38,1496,47183
North Carolina,37029,Camden,10867,80.23333777,1220,69610,2,180,6439
North Carolina,37031,Carteret,69473,77.7710101,9540,60058,53,1340,47830
North Carolina,37045,Cleveland,97947,74.64000101,15720,46012,49,1945,56301
North Carolina,37047,Columbus,55508,74.36925631,10210,39531,19,1130,32699
North Carolina,37049,Craven,102139,76.56296366,15460,53372,71,1719,59884
North Carolina,37039,Cherokee,28612,75.97133542,4230,42764,11,502,18765
North Carolina,37041,Chowan,13943,75.11071663,2270,47126,12,262,9192
North Carolina,37043,Clay,11231,76.41818837,1610,47116,6,188,7384
North Carolina,37025,Cabarrus,216453,78.55229844,22310,72071,180,3916,123097
North Carolina,37007,Anson,24446,74.33523673,4190,40826,11,453,14543
North Carolina,37009,Ashe,27203,79.18434703,3850,41542,12,479,17328
North Carolina,37011,Avery,17557,77.41827743,2540,45823,5,281,11133
North Carolina,37001,Alamance,169509,77.31514444,22470,57963,73,3138,94826
North Carolina,37003,Alexander,37497,77.14290261,5200,54960,9,602,22103
North Carolina,37005,Alleghany,11137,77.81924169,1970,41420,12,210,6525
North Carolina,37019,Brunswick,142820,78.88726532,17440,63712,60,2812,94899
North Carolina,37021,Buncombe,261191,78.73825444,31660,55448,369,4236,171838
North Carolina,37023,Burke,90485,76.74561729,13930,47890,52,1539,53242
North Carolina,37013,Beaufort,46994,76.12952752,7640,49410,24,906,29969
North Carolina,37015,Bertie,18947,76.76189565,3620,37899,3,374,11283
North Carolina,37017,Bladen,32722,75.67806902,6470,42260,7,706,19497
North Carolina,37083,Halifax,50010,74.46306465,10280,38727,26,1175,28417
North Carolina,37085,Harnett,135976,76.92817863,18870,55619,39,2468,74839
North Carolina,37087,Haywood,62317,77.11419002,8230,51612,46,1027,40307
North Carolina,37077,Granville,60443,78.16093954,7880,54300,27,1024,35324
North Carolina,37079,Greene,21069,77.34527827,3900,44648,3,362,11239
North Carolina,37081,Guilford,537174,78.07125145,72740,55820,416,10845,313525
North Carolina,37095,Hyde,4937,75.67373566,980,43112,1,170,3080
North Carolina,37097,Iredell,181806,77.86842734,20830,68308,131,3242,107718
North Carolina,37099,Jackson,43938,78.53946647,6080,47759,40,827,24500
North Carolina,37089,Henderson,117417,79.46017802,13410,61651,106,1839,76881
North Carolina,37091,Hertford,23677,76.82135248,4580,42374,17,479,13456
North Carolina,37093,Hoke,55234,76.05960434,8880,48420,11,1003,30191
North Carolina,37075,Graham,8441,77.09250055,1410,45813,2,176,4976
North Carolina,37057,Davidson,167609,76.42973618,23140,53924,42,3008,97507
North Carolina,37059,Davie,42846,78.9133219,5300,63828,18,712,26539
North Carolina,37061,Duplin,58741,79.45952605,10100,44929,12,1030,30317
North Carolina,37051,Cumberland,335509,76.36092081,55980,46599,267,6550,187302
North Carolina,37053,Currituck,27763,78.49166119,2930,70699,7,508,17011
North Carolina,37055,Dare,37009,78.99264849,4210,63033,22,947,25392
North Carolina,37069,Franklin,69685,77.59345148,8880,57371,5,1262,39718
North Carolina,37071,Gaston,224529,75.61924977,31210,56542,127,4333,128559
North Carolina,37073,Gates,11562,74.62506042,1640,54204,,218,7444
North Carolina,37063,Durham,321488,80.30107786,41310,65541,395,5899,189346
North Carolina,37065,Edgecombe,51472,73.26193477,10440,40784,18,1260,29475
North Carolina,37067,Forsyth,382295,77.94668291,51200,53054,435,7084,224558
Oklahoma,40103,Noble,11131,74.73172863,1520,56307,4,139,6992
Oklahoma,40105,Nowata,10076,75.97371183,1600,47456,2,159,6389
Oklahoma,40099,Murray,14073,74.83129077,2160,50965,4,190,8164
Oklahoma,40101,Muskogee,67997,72.95360603,11660,43392,33,1150,38904
Oklahoma,40107,Okfuskee,11993,69.64186123,2230,39265,,212,6586
Oklahoma,40113,Osage,46963,78.27959509,7290,50667,9,783,29269
Oklahoma,40115,Ottawa,31127,72.87681811,5380,41530,16,478,17489
Oklahoma,40109,Oklahoma,797434,76.13262545,111020,56272,671,12099,449138
Oklahoma,40111,Okmulgee,38465,72.99071805,6750,41725,14,769,22213
Oklahoma,40097,Mayes,41100,74.53658668,6620,49293,14,609,24199
Oklahoma,40083,Logan,48011,79.42964602,5630,66625,2,636,27739
Oklahoma,40085,Love,10253,74.75331459,1290,51481,3,140,5546
Oklahoma,40079,Le Flore,49853,73.27665394,8970,42378,14,894,28223
Oklahoma,40081,Lincoln,34877,76.20390307,4990,51012,8,557,20729
Oklahoma,40087,McClain,40474,76.29152748,4100,75009,18,536,23549
Oklahoma,40093,Major,7629,74.50423645,920,59690,3,83,4605
Oklahoma,40095,Marshall,16931,77.1417507,2740,45005,4,238,8962
Oklahoma,40089,McCurtain,32832,73.46361342,6190,40803,13,813,18135
Oklahoma,40091,McIntosh,19596,74.67281964,3760,40614,4,413,12389
Oklahoma,40141,Tillman,7250,76.04741051,1150,41251,2,110,3889
Oklahoma,40143,Tulsa,651552,76.79792101,89600,57668,716,10273,379877
Oklahoma,40137,Stephens,43143,74.88482869,6600,47826,20,799,26390
Oklahoma,40139,Texas,19983,75.87750838,2310,56014,10,220,9141
Oklahoma,40145,Wagoner,81289,79.24523645,9640,65191,25,1193,48552
Oklahoma,40151,Woods,8793,75.09144789,1090,40684,5,96,5040
Oklahoma,40153,Woodward,20211,76.92382687,2510,73253,9,261,12073
Oklahoma,40147,Washington,51527,76.5472785,7260,62515,24,763,32058
Oklahoma,40149,Washita,10916,73.84661133,1450,50823,3,175,6793
Oklahoma,40135,Sequoyah,41569,74.20356737,7710,43038,12,666,23088
Oklahoma,40121,Pittsburg,43654,73.00113528,7440,47215,17,723,27004
Oklahoma,40123,Pontotoc,38284,75.10885829,5450,49510,25,593,22219
Oklahoma,40117,Pawnee,16376,74.75226739,2400,47646,5,289,10014
Oklahoma,40119,Payne,81784,77.9625327,12420,43025,41,1094,40566
Oklahoma,40125,Pottawatomie,72592,74.45694656,10980,52747,28,1173,42106
Oklahoma,40131,Rogers,92459,77.90691571,10540,67054,35,1392,56705
Oklahoma,40133,Seminole,24258,72.14737121,4510,40725,9,455,13800
Oklahoma,40127,Pushmataha,11096,75.83103613,2040,37718,2,212,6545
Oklahoma,40129,Roger Mills,3583,78.71797357,540,59286,2,56,2189
Oklahoma,40077,Latimer,10073,75.47003659,1900,42014,2,198,6177
Oklahoma,40025,Cimarron,2137,81.097774,280,47602,,23,1295
Oklahoma,40027,Cleveland,284014,78.7342758,33350,64706,141,4046,163346
Oklahoma,40021,Cherokee,48657,75.34008838,7950,45544,25,748,26333
Oklahoma,40023,Choctaw,14672,73.98754335,3080,37131,6,262,8337
Oklahoma,40029,Coal,5495,71.40263734,1020,41273,1,97,3094
Oklahoma,40035,Craig,14142,73.64630161,2420,42978,6,211,8760
Oklahoma,40037,Creek,71522,75.02312122,9830,54737,16,1171,42524
Oklahoma,40031,Comanche,120749,76.2902274,19400,51184,89,1761,69625
Oklahoma,40033,Cotton,5666,75.39552609,900,46450,,86,3354
Oklahoma,40019,Carter,48111,74.74212611,7470,51895,26,740,28381
Oklahoma,40005,Atoka,13758,76.24139549,2400,41872,2,214,8023
Oklahoma,40007,Beaver,5311,77.30404239,550,55397,,57,2978
Oklahoma,40001,Adair,22194,73.21321959,4390,39589,6,335,11562
Oklahoma,40003,Alfalfa,5702,78.92419239,680,57497,2,58,3722
Oklahoma,40009,Beckham,21859,73.47800396,3000,50512,15,332,12627
Oklahoma,40015,Caddo,28762,72.98395531,4820,45755,6,422,16742
Oklahoma,40017,Canadian,148306,78.35155582,14540,75111,55,2122,84972
Oklahoma,40011,Blaine,9429,72.09678537,1260,50574,4,95,5810
Oklahoma,40013,Bryan,47995,75.2461319,7300,44074,20,650,26838
Oklahoma,40063,Hughes,13279,73.43527549,2370,37631,4,259,7633
Oklahoma,40065,Jackson,24530,75.96710047,3770,48430,17,313,13669
Oklahoma,40059,Harper,3688,78.16553188,390,40265,1,51,2095
Oklahoma,40061,Haskell,12627,74.38879312,2300,41643,3,223,7347
Oklahoma,40067,Jefferson,6002,75.07248477,1120,39785,2,81,3512
Oklahoma,40073,Kingfisher,15765,77.40231423,1760,68839,7,187,8980
Oklahoma,40075,Kiowa,8708,73.38842677,1600,39788,3,130,5226
Oklahoma,40069,Johnston,11085,71.88316098,1870,41805,3,162,6408
Oklahoma,40071,Kay,43538,74.06048462,7390,48522,16,781,25620
Oklahoma,40057,Harmon,2653,73.52934418,380,37988,1,34,1513
Oklahoma,40043,Dewey,4891,73.55861369,650,56316,2,62,3024
Oklahoma,40045,Ellis,3859,76.21670311,560,54013,2,54,2415
Oklahoma,40039,Custer,29003,74.52623963,3820,51803,17,396,14877
Oklahoma,40041,Delaware,43009,76.35718027,7150,44602,21,686,26023
Oklahoma,40047,Garfield,61056,76.04484342,8410,58381,29,814,35645
Oklahoma,40053,Grant,4333,74.32106198,540,60303,,56,2722
Oklahoma,40055,Greer,5712,77.47505355,1070,38641,1,78,3528
Oklahoma,40049,Garvin,27711,73.07485537,3950,46786,9,402,16097
Oklahoma,40051,Grady,55834,76.20208821,6900,63647,15,817,33532
South Carolina,45061,Lee,16828,71.45190319,2880,37710,3,266,9949
South Carolina,45059,Laurens,67493,73.84828456,8970,47038,35,903,37262
South Carolina,45063,Lexington,298750,77.98900774,25530,62059,181,3510,179471
South Carolina,45067,Marion,30657,72.10278335,4930,35138,13,564,17079
South Carolina,45065,McCormick,9463,72.45067926,1290,48645,3,104,6547
South Carolina,45057,Lancaster,98012,77.78827605,8950,63842,42,1384,56692
South Carolina,45049,Hampton,19222,73.1971541,2350,37560,6,229,11143
South Carolina,45047,Greenwood,70811,75.9317509,9470,43958,76,980,40546
South Carolina,45051,Horry,354081,77.23246683,37260,53648,203,5339,220942
South Carolina,45055,Kershaw,66551,76.93377163,7070,56318,43,866,39531
South Carolina,45053,Jasper,30073,77.442204,3410,50790,6,322,16507
South Carolina,45069,Marlboro,26118,72.36190481,4590,34532,5,444,14749
South Carolina,45085,Sumter,106721,75.31393964,15290,49611,53,1473,59935
South Carolina,45083,Spartanburg,319785,75.92788955,31600,55588,208,3920,178046
South Carolina,45087,Union,27316,73.90627731,4000,42851,12,406,15867
South Carolina,45091,York,280979,78.16895336,21540,68468,127,3871,162346
South Carolina,45089,Williamsburg,30368,72.06929313,5210,34409,5,551,17505
South Carolina,45081,Saluda,20473,79.09464713,2040,49493,3,238,11168
South Carolina,45073,Oconee,79546,76.25016567,9470,52240,45,971,47634
South Carolina,45071,Newberry,38440,77.16552303,4380,50773,25,514,21352
South Carolina,45075,Orangeburg,86175,73.93523428,13900,38736,38,1655,50882
South Carolina,45079,Richland,415759,77.71032051,45630,52905,352,5579,236228
South Carolina,45077,Pickens,126884,77.05622802,12530,52949,77,1604,66663
South Carolina,45015,Berkeley,227907,78.82124686,19290,68690,71,2651,127738
South Carolina,45013,Beaufort,192122,82.90073503,15640,73890,127,2061,123952
South Carolina,45017,Calhoun,14553,75.96112112,1840,47090,3,237,9287
South Carolina,45021,Cherokee,57300,73.758968,7460,46905,21,774,30964
South Carolina,45019,Charleston,411406,79.04690342,38010,70980,502,4881,261970
South Carolina,45011,Barnwell,20866,73.58555413,3680,36675,4,352,11388
South Carolina,45003,Aiken,170872,76.45574334,17640,56824,53,2176,103863
South Carolina,45001,Abbeville,24527,76.23412038,3540,46499,13,339,13977
South Carolina,45005,Allendale,8688,72.37562273,1640,32147,7,143,5064
South Carolina,45009,Bamberg,14066,73.46758454,2440,35364,5,277,7724
South Carolina,45007,Anderson,202558,76.25994436,21350,54496,139,2467,116051
South Carolina,45023,Chester,32244,72.90599151,4580,45400,8,555,18471
South Carolina,45039,Fairfield,22347,73.95842424,3580,42496,8,427,14026
South Carolina,45037,Edgefield,27260,80.58644833,3060,52591,10,301,16314
South Carolina,45041,Florence,138293,73.87975497,17750,49770,141,1976,79493
South Carolina,45045,Greenville,523542,78.41760006,45490,64399,547,6225,303299
South Carolina,45043,Georgetown,62680,75.84373601,7590,53747,40,970,40070
South Carolina,45035,Dorchester,162809,78.2544155,14160,68051,54,1951,95359
South Carolina,45027,Clarendon,33745,75.68071257,5450,39900,9,493,19039
South Carolina,45025,Chesterfield,45650,74.53133817,6250,42441,13,644,24456
South Carolina,45029,Colleton,37677,71.88815033,4790,40808,19,538,22643
South Carolina,45033,Dillon,30479,72.92860792,5720,35483,15,533,15287
South Carolina,45031,Darlington,66618,73.34219049,9850,44007,34,1043,38001
Tennessee,47127,Moore,6488,78.5595056,610,61804,1,106,3941
Tennessee,47129,Morgan,21403,74.17856472,3520,43952,3,324,12496
Tennessee,47125,Montgomery,208993,75.59727528,24590,57606,82,3274,115127
Tennessee,47121,Meigs,12422,72.76192785,1690,48334,6,238,7384
Tennessee,47123,Monroe,46545,74.80452139,6690,50506,9,743,26848
Tennessee,47131,Obion,30069,75.53443693,5180,44061,14,616,17770
Tennessee,47139,Polk,16832,73.29092954,2340,45922,8,302,10127
Tennessee,47141,Putnam,80245,76.66040407,10200,49083,52,1231,43383
Tennessee,47137,Pickett,5048,75.10527588,720,41860,2,111,2892
Tennessee,47133,Overton,22241,74.38411075,2910,43636,12,379,12508
Tennessee,47135,Perry,8076,73.31739285,1400,42939,2,158,4170
Tennessee,47119,Maury,96387,76.03720027,10210,66434,53,1582,57333
Tennessee,47103,Lincoln,34366,74.75677656,4510,54558,18,605,19849
Tennessee,47105,Loudon,54068,77.65859996,5550,65226,30,801,33001
Tennessee,47101,Lewis,12268,73.77210563,1810,45874,2,211,7145
Tennessee,47097,Lauderdale,25633,73.3891,4880,43545,2,532,13683
Tennessee,47099,Lawrence,44142,74.05863671,6300,43448,18,792,24344
Tennessee,47107,McMinn,53794,74.43968516,7860,49836,26,902,31693
Tennessee,47115,Marion,28907,74.61842548,4330,47675,12,541,16589
Tennessee,47117,Marshall,34375,75.49008622,4060,58151,5,555,19413
Tennessee,47113,Madison,97984,75.69316841,14140,50401,129,1766,57819
Tennessee,47109,McNairy,25694,73.33589446,4170,45469,9,450,15024
Tennessee,47111,Macon,24602,74.1757388,3300,44334,4,356,12872
Tennessee,47143,Rhea,33167,74.12158228,5370,47599,12,765,17861
Tennessee,47175,Van Buren,5872,73.88008938,920,44451,,93,3381
Tennessee,47177,Warren,41277,74.50143323,6510,46144,21,691,22165
Tennessee,47173,Union,19972,74.73548339,2990,48106,3,311,10671
Tennessee,47169,Trousdale,11284,75.84704459,1290,51982,2,168,6076
Tennessee,47171,Unicoi,17883,72.87168996,2950,44548,6,358,11379
Tennessee,47179,Washington,129375,75.532014,16950,51879,226,2104,77785
Tennessee,47187,Williamson,238412,81.73496864,12700,119637,338,3158,139517
Tennessee,47189,Wilson,144657,78.2798011,12110,80080,43,2089,85975
Tennessee,47185,White,27345,74.86610329,3680,43583,9,455,15630
Tennessee,47181,Wayne,16673,75.13857904,2550,45091,5,294,9905
Tennessee,47183,Weakley,33328,75.90904934,4940,42506,18,657,18298
Tennessee,47167,Tipton,61599,75.37565678,7920,61436,17,1105,36077
Tennessee,47151,Scott,22068,72.16072651,3880,38750,8,368,11936
Tennessee,47153,Sequatchie,15026,77.19329962,2170,46876,5,263,8755
Tennessee,47149,Rutherford,332285,77.63168551,30420,69614,137,4792,182029
Tennessee,47145,Roane,53382,74.80914944,7250,50561,18,955,34801
Tennessee,47147,Robertson,71813,75.87808387,7340,65790,26,1109,41708
Tennessee,47155,Sevier,98250,75.73787783,12580,54476,38,1805,59123
Tennessee,47163,Sullivan,158348,75.65773154,22490,51303,199,2632,99776
Tennessee,47165,Sumner,191283,78.04172176,17890,69391,91,2777,112787
Tennessee,47161,Stewart,13715,75.74338462,1980,52177,1,248,8382
Tennessee,47157,Shelby,937166,75.50997382,140940,52659,806,18080,541609
Tennessee,47159,Smith,20157,75.27910688,2440,54570,9,288,11618
Tennessee,47095,Lake,7016,72.38972813,1500,34059,,101,4112
Tennessee,47031,Coffee,56520,74.56591409,7080,54931,37,858,32137
Tennessee,47033,Crockett,14230,73.7562428,2140,45642,,246,7977
Tennessee,47029,Cocke,36004,71.49616319,6360,40528,16,687,20637
Tennessee,47025,Claiborne,31959,73.95538948,5330,40116,23,554,18205
Tennessee,47027,Clay,7615,74.54726482,1350,36694,2,168,4488
Tennessee,47035,Cumberland,60520,76.60313491,8360,49142,40,1061,38555
Tennessee,47043,Dickson,53948,74.79900349,6320,59126,19,816,30465
Tennessee,47045,Dyer,37159,73.05297397,5880,48770,14,805,21395
Tennessee,47041,DeKalb,20490,73.5893785,2730,46407,9,339,11317
Tennessee,47037,Davidson,694144,77.04207742,84900,63846,665,10308,422519
Tennessee,47039,Decatur,11663,75.64235606,1780,45215,4,245,7200
Tennessee,47023,Chester,17297,76.59153837,2320,50769,4,297,9449
Tennessee,47007,Bledsoe,15064,77.89489947,2590,42730,1,235,8341
Tennessee,47009,Blount,133088,77.04219968,14000,59368,90,2043,82880
Tennessee,47005,Benton,16160,72.14216781,2810,42322,3,311,9719
Tennessee,47001,Anderson,76978,74.90339424,10550,50973,39,1241,47204
Tennessee,47003,Bedford,49713,74.86959079,6120,50539,15,786,26296
Tennessee,47011,Bradley,108110,76.55557332,14230,52534,55,1811,61456
Tennessee,47019,Carter,56391,75.15379287,9520,39964,22,983,35052
Tennessee,47021,Cheatham,40667,74.42899642,4120,62786,23,580,24557
Tennessee,47017,Carroll,27767,74.09848554,4530,43258,12,590,16224
Tennessee,47013,Campbell,39842,71.87366662,6730,42500,19,687,22149
Tennessee,47015,Cannon,14678,74.03812759,1850,52960,3,205,8571
Tennessee,47047,Fayette,41133,78.0873311,4830,67345,15,707,25444
Tennessee,47079,Henry,32345,74.33900686,4970,43159,22,594,20095
Tennessee,47081,Hickman,25178,74.47798084,3450,46176,5,356,13718
Tennessee,47077,Henderson,28117,75.07749945,4270,46826,7,537,16091
Tennessee,47073,Hawkins,56786,74.9756859,8750,46602,15,988,34555
Tennessee,47075,Haywood,17304,73.50949687,2930,38950,5,376,9999
Tennessee,47083,Houston,8201,74.23013555,1240,40915,2,151,4443
Tennessee,47091,Johnson,17788,73.85766447,2920,40219,6,268,10765
Tennessee,47093,Knox,470313,76.29461673,53150,60316,520,7137,282818
Tennessee,47089,Jefferson,54495,75.75937045,7020,50332,21,918,32424
Tennessee,47085,Humphreys,18582,73.54800249,2780,52121,5,347,11074
Tennessee,47087,Jackson,11786,75.15913375,1890,41749,2,216,6800
Tennessee,47071,Hardin,25652,73.04879115,3880,44510,13,448,15132
Tennessee,47055,Giles,29464,74.69165407,3840,50847,11,583,17785
Tennessee,47057,Grainger,23320,74.0360696,3460,44929,5,387,13081
Tennessee,47053,Gibson,49133,74.09024495,7210,46384,21,942,28508
Tennessee,47049,Fentress,18523,74.08825606,3010,38608,10,315,10807
Tennessee,47051,Franklin,42208,76.09040419,5500,54319,27,680,24985
Tennessee,47059,Greene,69069,74.17320571,10540,44975,39,1396,42158
Tennessee,47067,Hancock,6620,70.51609081,1230,31938,1,125,3659
Tennessee,47069,Hardeman,25050,74.91615927,4180,40989,4,477,14512
Tennessee,47065,Hamilton,367804,77.31418555,43460,57802,403,6009,227166
Tennessee,47061,Grundy,13427,72.09505745,2340,38447,,208,6996
Tennessee,47063,Hamblen,64934,75.13364652,9230,46842,38,1093,35690
Texas,48339,Montgomery,607391,79.66657295,69390,88833,353,9659,327594
Texas,48337,Montague,19818,74.43661272,3190,53649,6,265,11685
Texas,48335,Mitchell,8545,75.72786758,1130,44457,4,82,4385
Texas,48341,Moore,20940,77.75656687,2740,55099,10,255,8393
Texas,48347,Nacogdoches,65204,76.98272204,12430,46207,46,1057,31213
Texas,48345,Motley,1200,,170,40217,0,17,770
Texas,48343,Morris,12388,74.25157804,2320,43304,2,256,7616
Texas,48333,Mills,4873,77.46856999,850,46876,2,62,2966
Texas,48323,Maverick,58722,78.53469677,10520,40017,17,1790,19540
Texas,48321,Matagorda,36643,75.92428279,6600,49276,14,946,19417
Texas,48319,Mason,4274,81.18290281,630,54914,,57,2511
Texas,48325,Medina,51584,78.66379452,6000,60695,14,686,27957
Texas,48331,Milam,24823,76.69958471,4180,48989,3,487,13578
Texas,48329,Midland,176832,78.72426657,17200,85811,62,2205,88854
Texas,48327,Menard,2138,75.53844199,330,38425,1,30,1374
Texas,48349,Navarro,50113,75.58257521,8100,48649,20,778,25077
Texas,48371,Pecos,15823,78.39515201,1860,52763,7,209,7287
Texas,48369,Parmer,9605,77.64085688,1230,50607,2,110,4242
Texas,48367,Parker,142878,78.59827802,16090,82501,58,1959,79568
Texas,48373,Polk,51353,73.70950939,8690,50416,29,852,28742
Texas,48379,Rains,12514,77.50979534,1740,65657,1,182,7457
Texas,48377,Presidio,6704,88.80777443,1550,33499,2,202,2356
Texas,48375,Potter,117415,73.77464777,19280,41138,89,1515,58289
Texas,48365,Panola,23194,75.71769804,3940,56882,8,409,13046
Texas,48355,Nueces,362294,78.40392839,52610,56079,287,6875,195099
Texas,48353,Nolan,14714,74.7757463,2350,46389,5,206,7815
Texas,48351,Newton,13595,76.93978311,2820,45890,,324,8185
Texas,48357,Ochiltree,9836,78.58235301,1200,62567,4,117,4519
Texas,48363,Palo Pinto,29189,76.56035491,4770,50159,11,427,16371
Texas,48361,Orange,83396,74.31845503,14130,62976,16,1877,49361
Texas,48359,Oldham,2112,78.29139122,280,59404,,26,1141
Texas,48317,Martin,5771,73.49654909,580,68745,1,75,2570
Texas,48275,Knox,3664,74.47082628,570,40808,,47,1965
Texas,48273,Kleberg,30680,74.61150973,5360,47169,13,588,13480
Texas,48271,Kinney,3667,80.59862365,620,47076,,50,2322
Texas,48277,Lamar,49859,74.82504575,8970,47061,25,811,28515
Texas,48283,La Salle,7520,78.04986573,890,41683,,106,3327
Texas,48281,Lampasas,21428,78.53716307,3050,58817,10,302,13375
Texas,48279,Lamb,12893,76.18795829,2250,42719,4,203,6238
Texas,48269,King,272,,30,71256,0,5,126
Texas,48259,Kendall,47431,81.59200637,4720,94899,38,599,27746
Texas,48257,Kaufman,136154,76.59203421,16390,75009,37,2112,68124
Texas,48255,Karnes,15601,76.46551916,2200,54843,4,179,8099
Texas,48261,Kenedy,404,,90,46132,0,8,101
Texas,48267,Kimble,4337,75.25785276,790,44757,4,57,2735
Texas,48265,Kerr,52600,78.05943702,7760,57789,44,658,33317
Texas,48263,Kent,762,,130,52591,0,11,405
Texas,48285,Lavaca,20154,79.1626875,2900,52632,13,257,11800
Texas,48307,McCulloch,7984,75.55080649,1300,43262,4,181,4341
Texas,48305,Lynn,5951,76.47247851,950,45737,3,82,2869
Texas,48303,Lubbock,310569,76.39544981,46080,54733,252,4454,155165
Texas,48309,McLennan,256623,77.79578409,40000,51078,187,3961,129300
Texas,48315,Marion,9854,74.453892,1970,37876,,181,6457
Texas,48313,Madison,14284,75.86691135,2210,46274,3,194,7876
Texas,48311,McMullen,743,,90,68349,0,13,460
Texas,48301,Loving,169,,20,88487,0,4,57
Texas,48291,Liberty,88219,74.05016896,13680,53274,20,1669,41973
Texas,48289,Leon,17404,77.79016081,2920,50522,,276,9786
Texas,48287,Lee,17239,77.75004676,2390,59250,5,268,9811
Texas,48293,Limestone,23437,75.49692374,4170,43644,8,333,13146
Texas,48299,Llano,21795,79.01010383,3420,55617,17,299,14453
Texas,48297,Live Oak,12207,80.14211162,1840,54163,1,172,6669
Texas,48295,Lipscomb,3233,80.56774027,460,65388,,43,1836
Texas,48381,Randall,137713,79.21611948,15830,70694,86,1751,81624
Texas,48467,Van Zandt,56590,76.60729115,8720,55554,9,849,32276
Texas,48465,Val Verde,49025,78.45959972,7250,45034,15,770,20128
Texas,48463,Uvalde,26741,77.59647964,3700,44690,11,436,12691
Texas,48469,Victoria,92084,78.23894566,13300,57344,70,1474,50487
Texas,48475,Ward,11998,75.70101179,1380,61396,2,172,5794
Texas,48473,Waller,55246,79.74049179,7470,61822,7,878,23578
Texas,48471,Walker,72971,78.81342652,11520,47519,21,936,40088
Texas,48461,Upton,3657,77.75871533,480,58908,2,49,1836
Texas,48451,Tom Green,119200,77.76162832,16450,54774,85,1651,65203
Texas,48449,Titus,32750,76.91846197,5400,49924,15,541,15265
Texas,48447,Throckmorton,1501,,260,42746,1,25,944
Texas,48453,Travis,1273954,81.91403696,155240,80690,1078,19047,753099
Texas,48459,Upshur,41753,75.27936817,6460,53078,12,663,23949
Texas,48457,Tyler,21672,75.69224731,4080,48254,4,412,12398
Texas,48455,Trinity,14651,73.99211022,2820,43788,2,253,8799
Texas,48477,Washington,35882,80.15347938,5370,59039,21,499,20375
Texas,48499,Wood,45539,76.62197689,7360,56945,20,685,27328
Texas,48497,Wise,69984,76.54546557,9460,70468,27,1027,37919
Texas,48495,Winkler,8010,73.43871631,940,64894,2,113,3191
Texas,48501,Yoakum,8713,78.19471899,790,62636,3,109,3094
Texas,48507,Zavala,11840,76.03423699,2730,32538,1,284,4742
Texas,48505,Zapata,14179,79.45225329,2990,36069,1,258,4979
Texas,48503,Young,18010,74.86157431,2530,52643,12,238,10350
Texas,48493,Wilson,51070,79.00152808,5490,76905,23,702,28972
Texas,48483,Wheeler,5056,74.83958232,900,58544,2,69,2908
Texas,48481,Wharton,41556,77.27898921,6310,49901,14,735,21125
Texas,48479,Webb,276652,80.5446158,43810,52576,86,4379,102237
Texas,48485,Wichita,132230,75.35799803,22710,51535,102,1788,73001
Texas,48491,Williamson,590551,82.10682616,58830,92661,396,8772,337578
Texas,48489,Willacy,21358,77.54965398,4560,35821,7,540,8740
Texas,48487,Wilbarger,12769,75.58466164,2390,42570,5,177,6835
Texas,48445,Terry,12337,74.74694628,1900,42953,4,183,5464
Texas,48403,Sabine,10542,76.07137519,2230,43778,3,247,6713
Texas,48401,Rusk,54406,77.00008695,8200,56036,11,823,29710
Texas,48399,Runnels,10264,76.09296873,1460,48650,7,129,5592
Texas,48405,San Augustine,8237,75.67706041,1850,40094,2,162,5020
Texas,48411,San Saba,6055,79.24456975,910,46061,2,75,3146
Texas,48409,San Patricio,66730,76.03474588,10390,57302,17,1628,34240
Texas,48407,San Jacinto,28859,77.2034569,4860,42633,2,538,16862
Texas,48397,Rockwall,104915,80.48029997,9610,105763,77,1601,58494
Texas,48387,Red River,12023,74.2112555,2310,41325,2,235,7616
Texas,48385,Real,3452,76.50944599,670,40834,2,42,1880
Texas,48383,Reagan,3849,80.18610776,410,67384,2,48,1788
Texas,48389,Reeves,15976,78.28257837,1530,48990,5,194,7323
Texas,48395,Robertson,17074,76.50041746,2480,47016,1,273,9804
Texas,48393,Roberts,854,,120,70705,0,13,519
Texas,48391,Refugio,6948,78.21765317,1270,46883,1,118,3866
Texas,48413,Schleicher,2793,78.08874851,360,53286,,38,1566
Texas,48435,Sutton,3776,83.25351371,410,63427,4,53,1893
Texas,48433,Stonewall,1350,,220,48267,1,17,803
Texas,48431,Sterling,1291,,110,66790,0,18,693
Texas,48437,Swisher,7397,75.27653412,1270,44388,1,97,3672
Texas,48443,Terrell,776,,110,45677,0,13,652
Texas,48441,Taylor,138034,75.59043078,21510,54465,94,1921,74603
Texas,48439,Tarrant,2102515,79.29229961,280150,70130,1225,35655,1131521
Texas,48429,Stephens,9366,76.36766478,1660,46658,3,126,4939
Texas,48419,Shelby,25274,74.9385864,4880,39708,5,440,12409
Texas,48417,Shackelford,3265,82.29033372,500,65095,1,42,1935
Texas,48415,Scurry,16703,77.44975622,2310,56299,10,218,8763
Texas,48421,Sherman,3022,78.50935707,420,55473,,32,1641
Texas,48427,Starr,64633,78.40130907,13750,32516,14,2482,18978
Texas,48425,Somervell,9128,77.74276844,1550,67897,6,155,5600
Texas,48423,Smith,232751,78.13322342,35300,59538,238,3587,127732
Texas,48085,Collin,1034730,82.67587049,105240,96847,1019,17358,598877
Texas,48083,Coleman,8175,73.48824236,1430,44834,5,118,5318
Texas,48081,Coke,3387,77.48139397,520,48435,,47,2095
Texas,48087,Collingsworth,2920,74.34001719,430,40314,1,37,1452
Texas,48093,Comanche,13635,76.73472995,2130,54122,6,181,8090
Texas,48091,Comal,156209,79.74983286,16480,87976,96,2184,91445
Texas,48089,Colorado,21493,77.48948463,2730,55607,10,303,11914
Texas,48079,Cochran,2853,76.93433635,480,43742,1,38,1273
Texas,48069,Castro,7530,79.53581559,1010,51736,1,96,3456
Texas,48067,Cass,30026,75.52806449,5650,44529,7,535,18096
Texas,48065,Carson,5926,78.52336678,670,69760,,78,3844
Texas,48071,Chambers,43837,78.21612335,5610,93351,6,885,23123
Texas,48077,Clay,10471,77.18780166,1600,59983,4,151,6843
Texas,48075,Childress,7306,75.65052152,1140,44095,10,80,4245
Texas,48073,Cherokee,52646,75.89215685,8350,46576,20,793,26850
Texas,48095,Concho,2726,80.84749509,440,43321,1,40,1782
Texas,48117,Deaf Smith,18546,77.56254442,2420,46178,2,233,8122
Texas,48115,Dawson,12728,75.20920009,2220,48165,5,180,5652
Texas,48113,Dallas,2635516,79.09481389,391670,61807,1834,47145,1324676
Texas,48119,Delta,5331,74.61955528,1000,51348,1,83,3162
Texas,48125,Dickens,2211,77.50631793,380,41973,1,30,1384
Texas,48123,DeWitt,20160,76.0547301,3060,52544,10,258,11617
Texas,48121,Denton,887207,82.01473511,92570,90910,464,14619,506374
Texas,48111,Dallam,7287,79.31190703,940,55793,4,76,3174
Texas,48101,Cottle,1398,,350,40449,0,23,813
Texas,48099,Coryell,75951,77.26592475,12530,53083,16,946,42027
Texas,48097,Cooke,41257,77.57921202,5860,61186,13,552,23259
Texas,48103,Crane,4797,76.58997661,420,68626,1,63,2307
Texas,48109,Culberson,2171,81.42298115,430,44462,,42,945
Texas,48107,Crosby,5737,75.06972068,980,38871,2,97,2848
Texas,48105,Crockett,3464,73.92514026,480,54165,1,48,1826
Texas,48063,Camp,13094,76.29670125,2250,47091,11,209,7366
Texas,48021,Bastrop,88723,78.28675616,10220,62627,24,1291,45506
Texas,48019,Bandera,23112,78.80727328,3390,59604,5,329,15097
Texas,48017,Bailey,7000,79.05852633,920,46174,2,93,3284
Texas,48023,Baylor,3509,73.76530668,580,41539,5,40,2166
Texas,48029,Bexar,2003554,78.89361282,271790,58956,1507,29617,1050034
Texas,48027,Bell,362924,78.21676395,55500,54831,280,5466,192550
Texas,48025,Bee,32565,75.87974619,5630,44171,7,434,16603
Texas,48015,Austin,30032,78.76141795,3890,68311,5,483,16989
Texas,48005,Angelina,86715,76.3005625,15640,51750,51,1440,46925
Texas,48003,Andrews,18705,76.84743265,1800,74918,9,221,7731
Texas,48001,Anderson,57735,73.30589085,8800,48461,19,693,34222
Texas,48007,Aransas,23510,76.83280264,4560,53085,9,403,15099
Texas,48013,Atascosa,51153,77.96571365,6170,57309,11,779,24226
Texas,48011,Armstrong,1887,78.78026715,230,64424,0,25,1216
Texas,48009,Archer,8553,80.2751433,1160,63731,,118,5544
Texas,48031,Blanco,11931,79.50591416,1480,68404,3,158,7795
Texas,48053,Burnet,48155,78.83211693,6400,62827,21,640,28831
Texas,48051,Burleson,18443,77.3925209,2540,61745,7,259,10414
Texas,48049,Brown,37864,75.80421501,5590,56040,22,584,22734
Texas,48055,Caldwell,43664,77.25974047,6020,55301,12,658,21358
Texas,48061,Cameron,423163,81.04258833,75130,40893,208,9186,167687
Texas,48059,Callahan,13943,77.3659059,2140,50812,1,188,8678
Texas,48057,Calhoun,21290,78.37121707,3170,55909,11,392,11406
Texas,48047,Brooks,7093,74.69434448,1550,31410,,134,2785
Texas,48037,Bowie,93245,75.2948404,16460,51207,66,1769,56134
Texas,48035,Bosque,18685,76.96413069,2820,55179,11,285,11339
Texas,48033,Borden,654,,90,71926,0,10,396
Texas,48039,Brazoria,374264,79.41285821,43600,83704,233,7531,206993
Texas,48045,Briscoe,1546,,220,44259,0,20,902
Texas,48043,Brewster,9203,81.28964928,1410,48581,7,123,5833
Texas,48041,Brazos,229211,80.96647245,33200,54471,196,3191,103385
Texas,48127,Dimmit,10124,79.48632674,1960,40315,4,189,4295
Texas,48213,Henderson,82737,74.88942636,13340,49896,25,1279,47800
Texas,48211,Hemphill,3819,77.29033003,550,71299,4,53,1993
Texas,48209,Hays,230191,80.71903851,24660,72890,95,3300,115161
Texas,48215,Hidalgo,868707,81.91143897,154400,41656,399,21998,314976
Texas,48221,Hood,61643,78.22045975,7740,74534,29,935,37625
Texas,48219,Hockley,23021,76.37964062,3290,51149,14,334,10968
Texas,48217,Hill,36649,76.40244261,5740,53210,9,542,20388
Texas,48207,Haskell,5658,77.64686419,1050,38613,3,75,2817
Texas,48197,Hardeman,3933,76.97435267,640,40057,5,52,2181
Texas,48195,Hansford,5399,77.77994751,770,58703,3,65,2286
Texas,48193,Hamilton,8461,74.95679373,1390,52505,8,111,4977
Texas,48199,Hardin,57602,75.88437614,8800,62616,11,1163,33673
Texas,48205,Hartley,5576,81.84121439,680,72796,,46,3528
Texas,48203,Harrison,66553,76.48936799,10550,55171,20,1179,37411
Texas,48201,Harris,4713325,79.86947647,682650,61638,2749,88643,2413046
Texas,48223,Hopkins,37084,76.0363649,5960,50332,10,536,20802
Texas,48245,Jefferson,251565,76.16150907,47160,55173,134,6225,142331
Texas,48243,Jeff Davis,2274,84.2359718,260,53362,1,30,1339
Texas,48241,Jasper,35529,74.91822245,6540,47252,13,786,20430
Texas,48247,Jim Hogg,5200,76.69998843,990,38788,1,90,2263
Texas,48253,Jones,20083,78.22661751,3360,51094,7,244,11526
Texas,48251,Johnson,175817,77.10156147,20920,66538,75,2644,93492
Texas,48249,Jim Wells,40482,75.38324388,6660,44444,10,798,19238
Texas,48239,Jackson,14760,76.84678763,2240,55800,1,228,8130
Texas,48229,Hudspeth,4886,84.48383248,790,39309,,80,1630
Texas,48227,Howard,36664,74.43822402,5590,61112,10,436,19749
Texas,48225,Houston,22968,76.56124597,4580,43601,4,325,13518
Texas,48231,Hunt,98594,76.38155759,15300,57513,27,1541,52472
Texas,48237,Jack,8935,74.96179266,1300,55358,4,109,4977
Texas,48235,Irion,1536,,210,68630,0,18,968
Texas,48233,Hutchinson,20938,75.26166974,3480,57936,5,386,12014
Texas,48191,Hall,2964,77.44625426,590,35940,1,44,1656
Texas,48149,Fayette,25346,79.35856282,3350,62195,8,326,15726
Texas,48147,Fannin,35514,75.37344422,5080,56123,6,475,20745
Texas,48145,Falls,17297,77.66778779,3400,41484,2,214,9390
Texas,48151,Fisher,3830,80.29403017,610,51053,1,48,2306
Texas,48157,Fort Bend,811688,83.01621481,81310,101361,677,13622,444200
Texas,48155,Foard,1155,,190,38615,0,18,767
Texas,48153,Floyd,5712,77.41974136,890,45022,4,112,2796
Texas,48143,Erath,42698,78.99687911,6110,53044,23,662,21389
Texas,48133,Eastland,18360,75.55210698,3370,46991,6,275,10540
Texas,48131,Duval,11157,74.67649509,2160,37100,,222,4864
Texas,48129,Donley,3278,72.83321606,520,41093,,50,1946
Texas,48135,Ector,166223,74.93353081,18580,65564,94,2327,72473
Texas,48141,El Paso,839238,80.1203507,125910,48629,407,13870,400712
Texas,48139,Ellis,184826,78.5633377,20710,78341,76,2871,96309
Texas,48137,Edwards,1932,77.96792624,260,40424,1,24,1056
Texas,48159,Franklin,10725,78.05361234,1540,50630,3,169,6658
Texas,48181,Grayson,136212,76.14228406,20230,57439,62,1958,78357
Texas,48179,Gray,21886,74.4511034,3550,52543,10,289,11862
Texas,48177,Gonzales,20837,77.47285021,3000,48425,8,258,10259
Texas,48183,Gregg,123945,75.52389647,21240,53137,104,2173,67110
Texas,48189,Hale,33406,76.7333033,5100,49187,10,547,15996
Texas,48187,Guadalupe,166847,79.95433912,17950,78801,51,2399,92697
Texas,48185,Grimes,28880,76.70636615,4510,51651,7,442,15469
Texas,48175,Goliad,7658,80.17107381,1120,56758,,110,4411
Texas,48165,Gaines,21492,79.04252867,2550,67171,4,235,6997
Texas,48163,Frio,20306,77.53669633,2780,40360,4,271,8236
Texas,48161,Freestone,19717,76.3757404,3600,52511,6,307,11494
Texas,48167,Galveston,342139,77.96801724,49100,73214,256,6672,198646
Texas,48173,Glasscock,1409,,140,93759,0,17,616
Texas,48171,Gillespie,26988,80.66566162,3420,62143,32,329,17193
Texas,48169,Garza,6229,78.60560775,910,48975,1,59,2776
Virginia,51187,Warren,40164,75.79198916,3600,69878,21,579,23774
Virginia,51185,Tazewell,40595,73.19880702,5740,43619,22,688,24898
Virginia,51193,Westmoreland,18015,76.99246404,1860,54885,3,334,11149
Virginia,51191,Washington,53740,76.70698524,6780,52387,36,887,34191
Virginia,51179,Stafford,152882,80.12580306,8040,109090,46,2001,87588
Virginia,51177,Spotsylvania,136215,79.70403325,9910,90262,81,1966,80576
Virginia,51183,Sussex,11159,74.85884612,1660,45134,3,173,6744
Virginia,51181,Surry,6422,77.99982296,750,59069,2,127,4208
Virginia,51530,Buena Vista City,6478,75.64909322,830,44752,2,94,3344
Virginia,51520,Bristol City,16762,74.62745604,2800,37678,9,272,10234
Virginia,51550,Chesapeake City,244835,78.56018062,20100,77361,197,3566,148393
Virginia,51540,Charlottesville City,47266,79.83534112,5560,58717,140,631,27663
Virginia,51197,Wythe,28684,75.77427791,3550,48543,12,494,18251
Virginia,51195,Wise,37383,73.14377801,6750,42372,18,623,20894
Virginia,51510,Alexandria City,159428,84.11888365,13200,102589,114,2161,111280
Virginia,51199,York,68280,82.20764107,4750,91535,89,879,43250
Virginia,51175,Southampton,17631,78.06728445,1800,62327,4,244,11204
Virginia,51153,Prince William,470335,82.35842359,25620,106208,210,6268,261110
Virginia,51149,Prince George,38353,80.95023647,3710,74518,6,511,23852
Virginia,51157,Rappahannock,7370,81.03146939,670,79086,3,94,4861
Virginia,51155,Pulaski,34027,75.86484203,4020,54086,12,555,22359
Virginia,51143,Pittsylvania,60354,76.70756003,7590,51682,5,1019,37386
Virginia,51141,Patrick,17608,76.18632893,2380,43568,5,258,10865
Virginia,51147,Prince Edward,22802,76.60948665,2850,44586,15,393,11210
Virginia,51145,Powhatan,29652,80.14971222,1780,94293,12,361,19144
Virginia,51169,Scott,21566,76.08755124,3150,41288,7,286,13372
Virginia,51167,Russell,26586,74.66062098,4170,40345,7,473,16052
Virginia,51173,Smyth,30104,73.580889,4690,41964,19,515,18751
Virginia,51171,Shenandoah,43616,78.90234802,4160,59087,20,563,26942
Virginia,51161,Roanoke,94186,79.26899273,7420,71742,125,1262,62363
Virginia,51159,Richmond,9023,75.81681822,920,49758,,121,5598
Virginia,51165,Rockingham,81948,80.67067219,6700,67242,24,1005,46129
Virginia,51163,Rockbridge,22573,80.47177761,2300,58501,19,296,14768
Virginia,51740,Portsmouth City,94398,74.58328968,13100,50411,51,1735,56137
Virginia,51735,Poquoson City,12271,79.04486433,740,98217,11,156,8029
Virginia,51760,Richmond City,230436,77.3730397,35400,50949,242,3905,134825
Virginia,51750,Radford City,18249,76.94351678,2380,41530,10,311,7475
Virginia,51710,Norfolk City,242742,75.44580969,34190,52437,247,3877,134440
Virginia,51700,Newport News City,179225,76.76534499,23800,53022,95,3096,105945
Virginia,51730,Petersburg City,31346,67.44607619,6360,40240,22,733,18003
Virginia,51720,Norton City,3981,74.10128017,760,38062,5,62,2308
Virginia,51820,Waynesboro City,22630,76.20831977,2800,44619,20,311,13202
Virginia,51810,Virginia Beach City,449974,80.52015726,36740,78491,329,6331,287227
Virginia,51840,Winchester City,28078,78.0097069,3250,60254,72,412,15589
Virginia,51830,Williamsburg City,14954,82.57924447,1760,56569,1,261,7047
Virginia,51775,Salem City,25301,75.54476603,2340,54888,22,360,15252
Virginia,51770,Roanoke City,99143,74.02063416,14030,45534,94,1497,60300
Virginia,51800,Suffolk City,92108,78.0654194,8760,77847,79,1364,54797
Virginia,51790,Staunton City,24932,75.37918309,2920,54296,10,328,15834
Virginia,51690,Martinsville City,12554,67.93241123,2260,37814,1,227,7270
Virginia,51610,Falls Church City,14617,80.70109983,630,137849,42,177,9473
Virginia,51600,Fairfax City,24019,77.37235984,1290,106430,4,289,15157
Virginia,51630,Fredericksburg City,29036,77.77634811,3450,62121,40,479,15565
Virginia,51620,Franklin City,7967,70.71285618,1200,45433,10,145,4973
Virginia,51580,Covington City,5538,67.0938341,710,41842,3,100,3479
Virginia,51570,Colonial Heights City,17370,74.95183102,2020,57688,23,284,11063
Virginia,51595,Emporia City,5346,69.72327784,1020,38631,,114,2791
Virginia,51590,Danville City,40044,72.02256609,6990,36073,44,965,23332
Virginia,51680,Lynchburg City,82168,76.25606325,11070,50612,101,1360,39847
Virginia,51678,Lexington City,7446,74.32945375,930,54204,,98,2917
Virginia,51685,Manassas Park City,17478,86.49940282,1120,83145,,234,9184
Virginia,51683,Manassas City,41085,78.38699374,2490,84405,40,557,21841
Virginia,51650,Hampton City,134510,76.64787314,17590,55816,58,2454,82758
Virginia,51640,Galax City,6347,67.57349366,1100,37229,,96,3597
Virginia,51670,Hopewell City,22529,71.1078544,3620,38293,9,416,12077
Virginia,51660,Harrisonburg City,53016,80.00172103,6220,48189,70,808,22648
Virginia,51139,Page,23902,77.05421061,3310,52877,8,464,14371
Virginia,51045,Craig,5131,79.60790032,520,53319,1,74,3428
Virginia,51043,Clarke,14619,78.96240689,1190,85567,5,189,9227
Virginia,51049,Cumberland,9932,79.31840743,1330,52005,4,141,5933
Virginia,51047,Culpeper,52605,77.87315869,3930,79739,19,643,29574
Virginia,51036,Charles City,6963,75.27747873,790,56465,2,126,4352
Virginia,51035,Carroll,29791,78.60546192,3520,45698,28,474,17966
Virginia,51041,Chesterfield,352802,79.2381493,24710,81641,296,5179,213331
Virginia,51037,Charlotte,11880,74.76266079,1960,43001,7,188,7030
Virginia,51063,Floyd,15749,78.7567676,1450,52277,6,213,10112
Virginia,51061,Fauquier,71222,80.0556123,4300,103827,37,912,44459
Virginia,51067,Franklin,56042,78.44632789,6340,61878,21,780,35972
Virginia,51065,Fluvanna,27270,80.10804867,1740,75089,7,323,17565
Virginia,51053,Dinwiddie,28544,77.44401271,3130,58474,4,450,17048
Virginia,51051,Dickenson,14318,73.74391967,2570,37161,4,234,8398
Virginia,51059,Fairfax,1147532,85.63147655,61710,127898,1238,14640,721396
Virginia,51057,Essex,10953,75.87311169,1280,53538,2,196,6489
Virginia,51033,Caroline,30725,77.54800093,2530,64647,5,490,17334
Virginia,51011,Appomattox,15911,77.38583811,1760,54609,2,250,9547
Virginia,51009,Amherst,31605,77.98606296,3440,56218,8,485,19459
Virginia,51015,Augusta,75558,80.83934359,6330,63621,38,916,48147
Virginia,51013,Arlington,236842,85.92210502,15570,118986,179,2966,163185
Virginia,51003,Albemarle,109330,82.70135969,8890,86332,154,1432,67148
Virginia,51001,Accomack,32316,76.80315806,4150,47335,13,591,19147
Virginia,51007,Amelia,13145,76.14637388,1300,60096,1,200,7786
Virginia,51005,Alleghany,14860,76.31361389,2090,53341,7,238,9656
Virginia,51027,Buchanan,21004,74.03108736,4080,36881,6,380,11468
Virginia,51025,Brunswick,16231,74.8505534,2650,43835,5,285,9661
Virginia,51031,Campbell,54885,79.09515193,5800,48984,9,816,34726
Virginia,51029,Buckingham,17148,78.8229032,2260,47202,4,269,10118
Virginia,51019,Bedford,78997,79.03303638,6880,66591,57,1106,51036
Virginia,51017,Bath,4147,76.47815941,450,54385,1,62,2843
Virginia,51023,Botetourt,33419,79.32984096,2670,74178,18,445,22737
Virginia,51021,Bland,6280,77.50659002,620,49023,,79,4380
Virginia,51113,Madison,13261,78.00742137,1140,66397,4,166,8246
Virginia,51111,Lunenburg,12196,75.63471161,1690,44860,2,169,6989
Virginia,51117,Mecklenburg,30587,74.57922705,4530,43128,15,508,18617
Virginia,51115,Mathews,8834,78.89265737,820,69112,4,121,6263
Virginia,51105,Lee,23423,74.83145674,4120,35878,6,339,13817
Virginia,51103,Lancaster,10603,76.07691405,1160,55072,6,234,7792
Virginia,51109,Louisa,37591,78.03174836,3610,64135,5,532,22347
Virginia,51107,Loudoun,413538,84.67706047,14700,151806,312,5159,238077
Virginia,51133,Northumberland,12095,80.1101262,1350,60385,10,246,8932
Virginia,51131,Northampton,11710,76.40948858,1650,45235,12,244,7181
Virginia,51137,Orange,37051,77.67115468,3240,71691,16,519,22391
Virginia,51135,Nottoway,15232,74.96785874,2290,45913,10,203,8777
Virginia,51121,Montgomery,98535,80.19444022,10290,58740,68,1427,52162
Virginia,51119,Middlesex,10582,77.71151207,960,58834,3,138,7288
Virginia,51127,New Kent,23091,78.49789373,1240,102619,7,300,14551
Virginia,51125,Nelson,14930,78.27029314,1490,55804,14,208,9510
Virginia,51101,King William,17148,77.7898465,1330,73035,4,252,10591
Virginia,51079,Greene,19819,79.45109841,1430,73345,4,247,11662
Virginia,51077,Grayson,15550,77.89298021,2140,41312,4,234,9751
Virginia,51083,Halifax,33911,75.84329641,4470,42619,13,616,20248
Virginia,51081,Greensville,11336,74.0757279,1550,47315,5,147,6841
Virginia,51071,Giles,16720,75.14908292,1760,53111,6,258,10763
Virginia,51069,Frederick,89313,80.12166068,5920,83672,39,1169,53228
Virginia,51075,Goochland,23753,81.04040729,1550,100444,21,311,15651
Virginia,51073,Gloucester,37348,77.14832013,3400,71715,21,507,24230
Virginia,51095,James City,76523,81.76950107,5860,92773,93,981,51750
Virginia,51093,Isle of Wight,37109,79.24355912,3420,78749,16,553,23103
Virginia,51099,King George,26836,78.59068871,1760,85657,6,358,16191
Virginia,51097,King and Queen,7025,75.00783835,780,54185,3,108,4602
Virginia,51087,Henrico,330818,79.38410068,30230,68975,352,5114,208207
Virginia,51085,Hanover,107766,79.62783595,6440,90824,78,1441,68014
Virginia,51091,Highland,2190,81.3142846,230,45917,1,34,1658
Virginia,51089,Henry,50557,76.09729074,7430,41908,29,799,30294
West Virginia,54075,Pocahontas,8247,75.54727186,1220,39454,4,221,5339
West Virginia,54073,Pleasants,7460,76.5065083,960,54972,1,200,4829
West Virginia,54071,Pendleton,6969,77.6972405,850,43451,3,142,4298
West Virginia,54081,Raleigh,73361,72.41670684,10730,45386,63,1432,46635
West Virginia,54079,Putnam,56450,76.49839552,4900,66991,61,1165,36642
West Virginia,54077,Preston,33432,77.14501097,4010,50821,14,713,21536
West Virginia,54069,Ohio,41411,75.84194723,4820,50390,70,960,27812
West Virginia,54061,Monongalia,105612,79.55220059,11820,55652,146,1997,60548
West Virginia,54059,Mingo,23424,70.68621248,4990,34698,4,472,13026
West Virginia,54057,Mineral,26868,76.46328739,3550,49704,9,721,17862
West Virginia,54067,Nicholas,24496,74.62707556,3520,40023,23,601,15902
West Virginia,54065,Morgan,17884,75.3563138,1580,50660,9,317,11353
West Virginia,54063,Monroe,13275,76.9533869,1870,44655,5,261,8431
West Virginia,54083,Randolph,28695,76.79997141,3970,46285,21,735,17919
West Virginia,54103,Wetzel,15065,74.91724064,2410,46824,8,482,9570
West Virginia,54101,Webster,8114,74.05048239,1460,34385,3,210,4874
West Virginia,54099,Wayne,39402,74.28008957,6740,42095,22,855,23025
West Virginia,54109,Wyoming,20394,72.21432714,3940,42761,6,466,12370
West Virginia,54107,Wood,83518,75.18319883,11270,49209,72,1875,54424
West Virginia,54105,Wirt,5821,76.9435241,890,48627,1,181,3505
West Virginia,54097,Upshur,24176,77.49870781,3250,45074,12,573,14190
West Virginia,54089,Summers,12573,74.65616718,2230,37000,4,238,8474
West Virginia,54087,Roane,13688,72.45030412,2430,41671,7,491,8000
West Virginia,54085,Ritchie,9554,76.90588553,1290,46131,2,249,6089
West Virginia,54095,Tyler,8591,76.30244902,1190,48345,4,245,5753
West Virginia,54093,Tucker,6839,77.22406681,880,47222,3,175,4721
West Virginia,54091,Taylor,16695,77.59788499,2150,48294,6,383,11062
West Virginia,54055,Mercer,58758,72.70716869,9850,41794,37,1193,35484
West Virginia,54019,Fayette,42406,73.16795416,6980,41430,20,923,26017
West Virginia,54017,Doddridge,8448,80.59125899,990,50642,1,177,5218
West Virginia,54015,Clay,8508,72.73452372,1730,41923,1,269,4693
West Virginia,54025,Greenbrier,34662,75.26241935,4940,43564,46,739,22275
West Virginia,54023,Grant,11568,78.39375659,1360,47400,6,327,7036
West Virginia,54021,Gilmer,7823,77.44129368,1100,40373,3,163,4733
West Virginia,54013,Calhoun,7109,75.88949752,1280,37307,3,332,4374
West Virginia,54005,Boone,21457,71.45265348,4040,43697,8,407,12746
West Virginia,54003,Berkeley,119171,75.68391737,11570,63012,50,2066,70729
West Virginia,54001,Barbour,16441,76.33255239,2510,39710,7,429,9608
West Virginia,54011,Cabell,91945,71.34600923,14120,42125,158,1731,55455
West Virginia,54009,Brooke,21939,76.6632242,2680,50900,5,525,14742
West Virginia,54007,Braxton,13957,75.73093745,2190,39651,6,388,8407
West Virginia,54027,Hampshire,23175,75.65235299,3510,54811,7,415,14445
West Virginia,54047,McDowell,17624,69.00588954,4330,29106,5,410,9378
West Virginia,54045,Logan,32019,69.67256303,6090,38533,15,665,19206
West Virginia,54043,Lincoln,20409,71.15254968,3780,43198,8,456,11925
West Virginia,54053,Mason,26516,73.40172472,3800,47753,12,612,16575
West Virginia,54051,Marshall,30531,76.65196381,3910,53145,11,902,21219
West Virginia,54049,Marion,56072,76.05255573,7060,51300,28,1297,34590
West Virginia,54041,Lewis,15907,72.41576574,2400,46895,11,423,10253
West Virginia,54033,Harrison,67256,74.95192776,8430,53909,77,1536,42863
West Virginia,54031,Hardy,13776,77.17713384,1510,46658,2,297,8111
West Virginia,54029,Hancock,28810,75.22132379,3570,51017,17,676,19667
West Virginia,54039,Kanawha,178124,73.26097351,24550,48334,246,3793,117545
West Virginia,54037,Jefferson,57146,78.00897939,4610,75225,30,937,35136
West Virginia,54035,Jackson,28576,76.30364333,3350,50808,10,670,18184
